ORDER_ID,CUSTOMER_ID,ORDER_DATE,SHIP_DATE,FREIGHT
10248,3643500,4-Jul-05,16-Jul-05,32.38
11078,3082800,4-Jul-05,16-Jul-05,32.38
10249,1045,5-Jul-05,10-Jul-05,11.61
11079,3265500,5-Jul-05,10-Jul-05,11.61
10250,2681700,8-Jul-05,12-Jul-05,65.83
10251,3618300,8-Jul-05,15-Jul-05,41.34
11080,3221400,8-Jul-05,12-Jul-05,65.83
11081,2977800,8-Jul-05,15-Jul-05,41.34
10252,1510000,9-Jul-05,11-Jul-05,51.3
11082,3171000,9-Jul-05,11-Jul-05,51.3
10253,2797200,10-Jul-05,16-Jul-05,58.17
11083,2757300,10-Jul-05,16-Jul-05,58.17
10254,3290700,11-Jul-05,23-Jul-05,22.98
11084,2780400,11-Jul-05,23-Jul-05,22.98
11514,3366300,11-Jul-05,23-Jul-05,22.98
10255,2086140,12-Jul-05,15-Jul-05,148.33
11085,70000,12-Jul-05,15-Jul-05,148.33
10256,955500,15-Jul-05,17-Jul-05,13.97
11086,3242400,15-Jul-05,17-Jul-05,13.97
10257,3248700,16-Jul-05,22-Jul-05,81.91
11087,3458700,16-Jul-05,22-Jul-05,81.91
10258,3372600,17-Jul-05,23-Jul-05,140.51
11088,3244500,17-Jul-05,23-Jul-05,140.51
10259,2694300,18-Jul-05,25-Jul-05,3.25
11089,3607800,18-Jul-05,25-Jul-05,3.25
11519,1035,18-Jul-05,25-Jul-05,3.25
10260,2763600,19-Jul-05,29-Jul-05,55.09
10261,3647700,19-Jul-05,30-Jul-05,3.05
11090,3343200,19-Jul-05,29-Jul-05,55.09
11091,3198300,19-Jul-05,30-Jul-05,3.05
10262,6058500,22-Jul-05,25-Jul-05,48.29
11092,1068,22-Jul-05,25-Jul-05,48.29
10263,2895900,23-Jul-05,31-Jul-05,146.06
11093,1390000,23-Jul-05,31-Jul-05,146.06
10264,3628800,24-Jul-05,23-Aug-05,3.67
11094,3584700,24-Jul-05,23-Aug-05,3.67
10265,3210900,25-Jul-05,12-Aug-05,55.28
11095,3435600,25-Jul-05,12-Aug-05,55.28
11525,3074400,25-Jul-05,12-Aug-05,55.28
10266,200000,26-Jul-05,31-Jul-05,25.73
11096,1550000,26-Jul-05,31-Jul-05,25.73
10267,2887500,29-Jul-05,6-Aug-05,208.58
11097,990000,29-Jul-05,6-Aug-05,208.58
10268,2860200,30-Jul-05,2-Aug-05,66.29
11098,290000,30-Jul-05,2-Aug-05,66.29
10269,3439800,31-Jul-05,9-Aug-05,4.56
11099,2797200,31-Jul-05,9-Aug-05,4.56
10270,3034500,1-Aug-05,2-Aug-05,136.54
10271,9290400,1-Aug-05,30-Aug-05,4.54
11100,3219300,1-Aug-05,2-Aug-05,136.54
11101,350000,1-Aug-05,30-Aug-05,4.54
10272,3198300,2-Aug-05,6-Aug-05,98.03
11102,1500000,2-Aug-05,6-Aug-05,98.03
10273,1078,5-Aug-05,12-Aug-05,76.07
11103,3465000,5-Aug-05,12-Aug-05,76.07
10274,2706900,6-Aug-05,16-Aug-05,6.01
11104,3213000,6-Aug-05,16-Aug-05,6.01
10275,1066,7-Aug-05,9-Aug-05,26.93
11105,6058500,7-Aug-05,9-Aug-05,26.93
10276,1150000,8-Aug-05,14-Aug-05,13.84
11106,2977800,8-Aug-05,14-Aug-05,13.84
10277,2671200,9-Aug-05,13-Aug-05,125.77
11107,90000,9-Aug-05,13-Aug-05,125.77
10278,880000,12-Aug-05,16-Aug-05,92.69
11108,1370000,12-Aug-05,16-Aug-05,92.69
11538,1101,12-Aug-05,16-Aug-05,92.69
10279,2914800,13-Aug-05,16-Aug-05,25.83
11109,1088,13-Aug-05,16-Aug-05,25.83
10280,1020000,14-Aug-05,12-Sep-05,8.98
10281,2690100,14-Aug-05,21-Aug-05,2.94
11110,3055500,14-Aug-05,12-Sep-05,8.98
11111,3063900,14-Aug-05,21-Aug-05,2.94
11540,2650200,14-Aug-05,12-Sep-05,8.98
10282,3007200,15-Aug-05,21-Aug-05,12.69
11112,3473400,15-Aug-05,21-Aug-05,12.69
10283,390000,16-Aug-05,23-Aug-05,84.81
11113,940000,16-Aug-05,23-Aug-05,84.81
10284,3559500,19-Aug-05,27-Aug-05,76.56
11114,1061,19-Aug-05,27-Aug-05,76.56
10285,3051300,20-Aug-05,26-Aug-05,76.83
11115,440000,20-Aug-05,26-Aug-05,76.83
10286,390000,21-Aug-05,30-Aug-05,229.24
11116,3593100,21-Aug-05,30-Aug-05,229.24
10287,3030300,22-Aug-05,28-Aug-05,12.76
11117,1460000,22-Aug-05,28-Aug-05,12.76
10288,3177300,23-Aug-05,3-Sep-05,7.45
11118,2973600,23-Aug-05,3-Sep-05,7.45
10289,510000,26-Aug-05,28-Aug-05,22.77
11119,2979900,26-Aug-05,28-Aug-05,22.77
11549,3078600,26-Aug-05,28-Aug-05,22.77
10290,1077,27-Aug-05,3-Sep-05,79.7
10291,1018,27-Aug-05,4-Sep-05,6.4
11120,2881200,27-Aug-05,3-Sep-05,79.7
11121,430000,27-Aug-05,4-Sep-05,6.4
11550,1105,27-Aug-05,3-Sep-05,79.7
10292,1192380,28-Aug-05,2-Sep-05,1.35
11122,5320,28-Aug-05,2-Sep-05,1.35
10293,3213000,29-Aug-05,11-Sep-05,21.18
11123,2805600,29-Aug-05,11-Sep-05,21.18
10294,3364200,30-Aug-05,5-Sep-05,147.26
11124,320000,30-Aug-05,5-Sep-05,147.26
10295,3572100,2-Sep-05,10-Sep-05,1.15
11125,2830800,2-Sep-05,10-Sep-05,1.15
10296,3349500,3-Sep-05,11-Sep-05,0.12
11126,3410400,3-Sep-05,11-Sep-05,0.12
10297,3395700,4-Sep-05,10-Sep-05,5.74
11127,2767800,4-Sep-05,10-Sep-05,5.74
11557,800000,4-Sep-05,10-Sep-05,5.74
10298,770000,5-Sep-05,11-Sep-05,168.22
11128,3435600,5-Sep-05,11-Sep-05,168.22
10299,2856000,6-Sep-05,13-Sep-05,29.76
11129,1024,6-Sep-05,13-Sep-05,29.76
10300,750000,9-Sep-05,18-Sep-05,17.68
10301,2956800,9-Sep-05,17-Sep-05,45.08
11130,880000,9-Sep-05,18-Sep-05,17.68
11131,2961000,9-Sep-05,17-Sep-05,45.08
10302,3544800,10-Sep-05,9-Oct-05,6.27
11132,2908500,10-Sep-05,9-Oct-05,6.27
10303,2847600,11-Sep-05,18-Sep-05,107.83
11133,2639700,11-Sep-05,18-Sep-05,107.83
10304,1007,12-Sep-05,17-Sep-05,63.79
11134,3234000,12-Sep-05,17-Sep-05,63.79
10305,230000,13-Sep-05,9-Oct-05,257.62
11135,3651900,13-Sep-05,9-Oct-05,257.62
10306,3374700,16-Sep-05,23-Sep-05,7.56
11136,3414600,16-Sep-05,23-Sep-05,7.56
10307,2996700,17-Sep-05,25-Sep-05,0.56
11137,1140000,17-Sep-05,25-Sep-05,0.56
10308,2658600,18-Sep-05,24-Sep-05,1.61
11138,100000,18-Sep-05,24-Sep-05,1.61
11568,3196200,18-Sep-05,24-Sep-05,1.61
10309,0,19-Sep-05,23-Oct-05,47.3
11139,2864400,19-Sep-05,23-Oct-05,47.3
10310,1022,20-Sep-05,27-Sep-05,17.52
10311,2856000,20-Sep-05,26-Sep-05,24.69
11140,70000,20-Sep-05,27-Sep-05,17.52
11141,3614100,20-Sep-05,26-Sep-05,24.69
10312,3150000,23-Sep-05,3-Oct-05,40.26
11142,2889600,23-Sep-05,3-Oct-05,40.26
10313,1061,24-Sep-05,4-Oct-05,1.96
11143,1420860,24-Sep-05,4-Oct-05,1.96
10314,2801400,25-Sep-05,4-Oct-05,74.16
11144,3147900,25-Sep-05,4-Oct-05,74.16
10315,2734200,26-Sep-05,3-Oct-05,41.76
11145,3028200,26-Sep-05,3-Oct-05,41.76
10316,4441500,27-Sep-05,8-Oct-05,150.15
11146,3408300,27-Sep-05,8-Oct-05,150.15
10317,2937900,30-Sep-05,10-Oct-05,12.69
11147,2839200,30-Sep-05,10-Oct-05,12.69
10318,3164700,1-Oct-05,4-Oct-05,4.73
11148,2801400,1-Oct-05,4-Oct-05,4.73
10319,2933700,2-Oct-05,11-Oct-05,64.5
11149,380000,2-Oct-05,11-Oct-05,64.5
10320,2675400,3-Oct-05,18-Oct-05,34.57
10321,3070200,3-Oct-05,11-Oct-05,3.43
11150,2732100,3-Oct-05,18-Oct-05,34.57
11151,2715300,3-Oct-05,11-Oct-05,3.43
10322,2816100,4-Oct-05,23-Oct-05,0.4
11152,800000,4-Oct-05,23-Oct-05,0.4
10323,2744700,7-Oct-05,14-Oct-05,4.88
11153,3141600,7-Oct-05,14-Oct-05,4.88
10324,3166800,8-Oct-05,10-Oct-05,214.27
11154,2940000,8-Oct-05,10-Oct-05,214.27
10325,690000,9-Oct-05,14-Oct-05,64.86
11155,2675400,9-Oct-05,14-Oct-05,64.86
10326,2805600,10-Oct-05,14-Oct-05,77.92
11156,3129000,10-Oct-05,14-Oct-05,77.92
11586,1081,10-Oct-05,14-Oct-05,77.92
10327,4911900,11-Oct-05,14-Oct-05,63.36
11157,2650200,11-Oct-05,14-Oct-05,63.36
10328,3078600,14-Oct-05,17-Oct-05,87.03
11158,1120,14-Oct-05,17-Oct-05,87.03
10329,2975700,15-Oct-05,23-Oct-05,191.67
11159,2698500,15-Oct-05,23-Oct-05,191.67
10330,430000,16-Oct-05,28-Oct-05,12.75
10331,3494400,16-Oct-05,21-Oct-05,10.19
11160,2906400,16-Oct-05,28-Oct-05,12.75
11161,3666600,16-Oct-05,21-Oct-05,10.19
11591,3376800,16-Oct-05,21-Oct-05,10.19
10332,3061800,17-Oct-05,21-Oct-05,52.84
11162,2654400,17-Oct-05,21-Oct-05,52.84
10333,3427200,18-Oct-05,25-Oct-05,0.59
11163,9792300,18-Oct-05,25-Oct-05,0.59
10334,3294900,21-Oct-05,28-Oct-05,8.56
11164,1100,21-Oct-05,28-Oct-05,8.56
10335,1050000,22-Oct-05,24-Oct-05,42.11
11165,3567900,22-Oct-05,24-Oct-05,42.11
10336,3664500,23-Oct-05,25-Oct-05,15.51
11166,3137400,23-Oct-05,25-Oct-05,15.51
10337,1021,24-Oct-05,29-Oct-05,108.26
11167,1002,24-Oct-05,29-Oct-05,108.26
10338,2832900,25-Oct-05,29-Oct-05,84.21
11168,2673300,25-Oct-05,29-Oct-05,84.21
10339,3332700,28-Oct-05,4-Nov-05,15.66
11169,1061,28-Oct-05,4-Nov-05,15.66
10341,1050000,29-Oct-05,5-Nov-05,26.78
11170,2950500,29-Oct-05,8-Nov-05,166.31
11171,3131100,29-Oct-05,5-Nov-05,26.78
11600,2883300,29-Oct-05,8-Nov-05,166.31
10342,3477600,30-Oct-05,4-Nov-05,54.83
11172,820000,30-Oct-05,4-Nov-05,54.83
10343,1017,31-Oct-05,6-Nov-05,110.37
11173,3049200,31-Oct-05,6-Nov-05,110.37
10344,3047100,1-Nov-05,5-Nov-05,23.29
11174,2868600,1-Nov-05,5-Nov-05,23.29
10345,3049200,4-Nov-05,11-Nov-05,249.06
11175,1037,4-Nov-05,11-Nov-05,249.06
10346,1127,5-Nov-05,8-Nov-05,142.08
11176,580000,5-Nov-05,8-Nov-05,142.08
10347,3171000,6-Nov-05,8-Nov-05,3.1
11177,9286200,6-Nov-05,8-Nov-05,3.1
10348,1420860,7-Nov-05,15-Nov-05,0.78
11178,1270000,7-Nov-05,15-Nov-05,0.78
10349,2837100,8-Nov-05,15-Nov-05,8.63
11179,2923200,8-Nov-05,15-Nov-05,8.63
10350,850000,11-Nov-05,3-Dec-05,64.19
10351,3122700,11-Nov-05,20-Nov-05,162.33
11180,9286200,11-Nov-05,3-Dec-05,64.19
11181,2725800,11-Nov-05,20-Nov-05,162.33
10352,280000,12-Nov-05,18-Nov-05,1.3
11182,2746800,12-Nov-05,18-Nov-05,1.3
10353,3651900,13-Nov-05,25-Nov-05,360.63
11183,1420000,13-Nov-05,25-Nov-05,360.63
10354,2723700,14-Nov-05,20-Nov-05,53.8
11184,2790900,14-Nov-05,20-Nov-05,53.8
10355,2856000,15-Nov-05,20-Nov-05,41.95
11185,3038700,15-Nov-05,20-Nov-05,41.95
11615,3441900,15-Nov-05,20-Nov-05,41.95
10356,3108000,18-Nov-05,27-Nov-05,36.71
11186,2667000,18-Nov-05,27-Nov-05,36.71
10357,3483900,19-Nov-05,2-Dec-05,34.88
11187,3219300,19-Nov-05,2-Dec-05,34.88
10358,1510000,20-Nov-05,27-Nov-05,19.64
11188,730000,20-Nov-05,27-Nov-05,19.64
10359,1300000,21-Nov-05,26-Nov-05,288.43
11189,3662400,21-Nov-05,26-Nov-05,288.43
10360,3656100,22-Nov-05,2-Dec-05,131.7
10361,3425100,22-Nov-05,3-Dec-05,183.17
11190,3068100,22-Nov-05,2-Dec-05,131.7
11191,3315900,22-Nov-05,3-Dec-05,183.17
11620,2969400,22-Nov-05,2-Dec-05,131.7
10362,2790900,25-Nov-05,28-Nov-05,96.04
11192,35700,25-Nov-05,28-Nov-05,96.04
11622,570000,25-Nov-05,28-Nov-05,96.04
10363,720000,26-Nov-05,4-Dec-05,30.54
10364,3469200,26-Nov-05,4-Dec-05,71.97
11193,3257100,26-Nov-05,4-Dec-05,30.54
11194,3616200,26-Nov-05,4-Dec-05,71.97
11623,1113,26-Nov-05,4-Dec-05,30.54
10365,3133200,27-Nov-05,2-Dec-05,22
11195,240000,27-Nov-05,2-Dec-05,22
11625,1015,27-Nov-05,2-Dec-05,22
10366,1084,28-Nov-05,30-Dec-05,10.14
10367,880000,28-Nov-05,2-Dec-05,13.55
11196,1520000,28-Nov-05,30-Dec-05,10.14
11197,3003000,28-Nov-05,2-Dec-05,13.55
10368,3072300,29-Nov-05,2-Dec-05,101.95
11198,1380000,29-Nov-05,2-Dec-05,101.95
10369,2832900,2-Dec-05,9-Dec-05,195.68
11199,2898000,2-Dec-05,9-Dec-05,195.68
10370,3095400,3-Dec-05,27-Dec-05,1.17
10371,1003,3-Dec-05,24-Dec-05,0.45
11200,3158400,3-Dec-05,27-Dec-05,1.17
11201,2772000,3-Dec-05,24-Dec-05,0.45
11630,3087000,3-Dec-05,27-Dec-05,1.17
10372,3530100,4-Dec-05,9-Dec-05,890.78
11202,3504900,4-Dec-05,9-Dec-05,890.78
10373,3675000,5-Dec-05,11-Dec-05,124.12
10374,3557400,5-Dec-05,9-Dec-05,3.94
11203,2759400,5-Dec-05,11-Dec-05,124.12
11204,1164324,5-Dec-05,9-Dec-05,3.94
10375,3439800,6-Dec-05,9-Dec-05,20.12
11205,3591000,6-Dec-05,9-Dec-05,20.12
10376,3284400,9-Dec-05,13-Dec-05,20.39
10377,1089,9-Dec-05,13-Dec-05,22.21
11206,10000,9-Dec-05,13-Dec-05,20.39
11207,3473400,9-Dec-05,13-Dec-05,22.21
10378,0,10-Dec-05,19-Dec-05,5.44
11208,3019800,10-Dec-05,19-Dec-05,5.44
10379,1300000,11-Dec-05,13-Dec-05,45.03
11209,3059700,11-Dec-05,13-Dec-05,45.03
10380,3231900,12-Dec-05,16-Jan-06,35.03
10381,3187800,12-Dec-05,13-Dec-05,7.99
11210,3465000,12-Dec-05,16-Jan-06,35.03
11211,3042900,12-Dec-05,13-Dec-05,7.99
10382,2704800,13-Dec-05,16-Dec-05,94.77
11212,3372600,13-Dec-05,16-Dec-05,94.77
10383,1002,16-Dec-05,18-Dec-05,34.24
10384,1074,16-Dec-05,20-Dec-05,168.64
11213,2961000,16-Dec-05,18-Dec-05,34.24
11214,2919000,16-Dec-05,20-Dec-05,168.64
11643,20000,16-Dec-05,18-Dec-05,34.24
11644,3441900,16-Dec-05,20-Dec-05,168.64
10385,3542700,17-Dec-05,23-Dec-05,30.96
11215,3284400,17-Dec-05,23-Dec-05,30.96
10386,5470,18-Dec-05,25-Dec-05,13.99
10387,1030,18-Dec-05,20-Dec-05,93.63
11216,3158400,18-Dec-05,25-Dec-05,13.99
11217,3532200,18-Dec-05,20-Dec-05,93.63
10388,1030,19-Dec-05,20-Dec-05,34.86
11218,1320000,19-Dec-05,20-Dec-05,34.86
10389,1530000,20-Dec-05,24-Dec-05,47.42
11219,3347400,20-Dec-05,24-Dec-05,47.42
11649,1041,20-Dec-05,24-Dec-05,47.42
10390,410000,23-Dec-05,26-Dec-05,126.38
10391,1073,23-Dec-05,31-Dec-05,5.45
11220,3221400,23-Dec-05,26-Dec-05,126.38
11221,1109,23-Dec-05,31-Dec-05,5.45
11651,3462900,23-Dec-05,31-Dec-05,5.45
10392,1076,24-Dec-05,1-Jan-06,122.46
11222,2940000,24-Dec-05,1-Jan-06,122.46
10393,3494400,25-Dec-05,3-Jan-06,126.56
10394,3164700,25-Dec-05,3-Jan-06,30.34
11223,60000,25-Dec-05,3-Jan-06,126.56
11224,3448200,25-Dec-05,3-Jan-06,30.34
10395,1240000,26-Dec-05,3-Jan-06,184.41
11225,3168900,26-Dec-05,3-Jan-06,184.41
10396,3679200,27-Dec-05,6-Jan-06,135.35
10397,1039,27-Dec-05,2-Jan-06,60.26
11226,2933700,27-Dec-05,6-Jan-06,135.35
11227,3341100,27-Dec-05,2-Jan-06,60.26
10398,1160000,30-Dec-05,9-Jan-06,89.16
11228,1000000,30-Dec-05,9-Jan-06,89.16
10399,3021900,31-Dec-05,8-Jan-06,27.36
11229,60000,31-Dec-05,8-Jan-06,27.36
10400,3530100,1-Jan-06,16-Jan-06,83.93
10401,2898000,1-Jan-06,10-Jan-06,12.51
11230,3227700,1-Jan-06,16-Jan-06,83.93
11231,3574200,1-Jan-06,10-Jan-06,12.51
10402,1051,2-Jan-06,10-Jan-06,67.88
11232,1099,2-Jan-06,10-Jan-06,67.88
10403,3294900,3-Jan-06,9-Jan-06,73.79
10404,2694300,3-Jan-06,8-Jan-06,155.97
11233,1048,3-Jan-06,9-Jan-06,73.79
11234,3626700,3-Jan-06,8-Jan-06,155.97
10405,3450300,6-Jan-06,22-Jan-06,34.82
11235,3574200,6-Jan-06,22-Jan-06,34.82
10406,1085,7-Jan-06,13-Jan-06,108.04
10407,1430000,7-Jan-06,30-Jan-06,91.48
11236,1116,7-Jan-06,13-Jan-06,108.04
11237,3544800,7-Jan-06,30-Jan-06,91.48
10408,3355800,8-Jan-06,14-Jan-06,11.26
11238,3439800,8-Jan-06,14-Jan-06,11.26
10409,1045,9-Jan-06,14-Jan-06,29.83
11239,3435600,9-Jan-06,14-Jan-06,29.83
10410,2763600,10-Jan-06,15-Jan-06,2.4
10411,2908500,10-Jan-06,21-Jan-06,23.65
11240,1602300,10-Jan-06,15-Jan-06,2.4
11241,1068,10-Jan-06,21-Jan-06,23.65
11670,3620400,10-Jan-06,15-Jan-06,2.4
11671,3116400,10-Jan-06,21-Jan-06,23.65
10412,2906400,13-Jan-06,15-Jan-06,3.77
11242,1114,13-Jan-06,15-Jan-06,3.77
10413,2935800,14-Jan-06,16-Jan-06,95.66
10414,3229800,14-Jan-06,17-Jan-06,21.48
11243,390000,14-Jan-06,16-Jan-06,95.66
11244,2639700,14-Jan-06,17-Jan-06,21.48
10415,2782500,15-Jan-06,24-Jan-06,0.2
11245,2704800,15-Jan-06,24-Jan-06,0.2
10416,1050000,16-Jan-06,27-Jan-06,22.72
10417,3110100,16-Jan-06,28-Jan-06,70.29
11246,2711100,16-Jan-06,27-Jan-06,22.72
11247,1250000,16-Jan-06,28-Jan-06,70.29
10418,35700,17-Jan-06,24-Jan-06,17.55
11248,3622500,17-Jan-06,24-Jan-06,17.55
10419,3326400,20-Jan-06,30-Jan-06,137.35
11249,400000,20-Jan-06,30-Jan-06,137.35
10420,3609900,21-Jan-06,27-Jan-06,44.12
10421,3429300,21-Jan-06,27-Jan-06,99.23
11250,2696400,21-Jan-06,27-Jan-06,44.12
11251,2830800,21-Jan-06,27-Jan-06,99.23
10422,3278100,22-Jan-06,31-Jan-06,3.02
11252,2923200,22-Jan-06,31-Jan-06,3.02
10423,31500,23-Jan-06,24-Feb-06,24.5
10424,1200000,23-Jan-06,27-Jan-06,370.61
11253,1100000,23-Jan-06,24-Feb-06,24.5
11254,2950500,23-Jan-06,27-Jan-06,370.61
10425,3410400,24-Jan-06,14-Feb-06,7.93
11255,1083,24-Jan-06,14-Feb-06,7.93
10426,31500,27-Jan-06,6-Feb-06,18.69
10427,500000,27-Jan-06,3-Mar-06,31.29
11256,3465000,27-Jan-06,6-Feb-06,18.69
11257,800000,27-Jan-06,3-Mar-06,31.29
10428,2818200,28-Jan-06,4-Feb-06,11.09
11258,1470000,28-Jan-06,4-Feb-06,11.09
10429,3087000,29-Jan-06,7-Feb-06,56.63
11259,2774100,29-Jan-06,7-Feb-06,56.63
10430,2683800,30-Jan-06,3-Feb-06,458.78
10431,3000900,30-Jan-06,7-Feb-06,44.17
11260,5025,30-Jan-06,3-Feb-06,458.78
11261,1014,30-Jan-06,7-Feb-06,44.17
11691,3284400,30-Jan-06,7-Feb-06,44.17
10432,1260000,31-Jan-06,7-Feb-06,4.34
11262,310000,31-Jan-06,7-Feb-06,4.34
10433,3068100,3-Feb-06,4-Mar-06,73.83
10434,910000,3-Feb-06,13-Feb-06,17.92
11263,2906400,3-Feb-06,4-Mar-06,73.83
11264,1380000,3-Feb-06,13-Feb-06,17.92
10435,10000,4-Feb-06,7-Feb-06,9.21
11265,3649800,4-Feb-06,7-Feb-06,9.21
11695,1026,4-Feb-06,7-Feb-06,9.21
10436,350000,5-Feb-06,11-Feb-06,156.66
10437,1101,5-Feb-06,12-Feb-06,19.97
11266,1280000,5-Feb-06,11-Feb-06,156.66
11267,3185700,5-Feb-06,12-Feb-06,19.97
11696,3026100,5-Feb-06,11-Feb-06,156.66
10438,1060000,6-Feb-06,14-Feb-06,8.24
11268,600000,6-Feb-06,14-Feb-06,8.24
10439,2801400,7-Feb-06,10-Feb-06,4.07
11269,2841300,7-Feb-06,10-Feb-06,4.07
10440,3670800,10-Feb-06,28-Feb-06,86.53
10441,430000,10-Feb-06,14-Mar-06,73.02
11270,3498600,10-Feb-06,28-Feb-06,86.53
11271,1002,10-Feb-06,14-Mar-06,73.02
10442,60000,11-Feb-06,18-Feb-06,47.94
11272,2969400,11-Feb-06,18-Feb-06,47.94
10443,90000,12-Feb-06,14-Feb-06,13.95
10444,3030300,12-Feb-06,21-Feb-06,3.5
11273,990000,12-Feb-06,14-Feb-06,13.95
11274,3391500,12-Feb-06,21-Feb-06,3.5
11704,3009300,12-Feb-06,21-Feb-06,3.5
10445,3353700,13-Feb-06,20-Feb-06,9.3
11275,1057,13-Feb-06,20-Feb-06,9.3
11705,2837100,13-Feb-06,20-Feb-06,9.3
10446,3108000,14-Feb-06,19-Feb-06,14.68
10447,2769900,14-Feb-06,7-Mar-06,68.66
11276,2662800,14-Feb-06,19-Feb-06,14.68
11277,50000,14-Feb-06,7-Mar-06,68.66
10448,3091200,17-Feb-06,24-Feb-06,38.82
11278,3305400,17-Feb-06,24-Feb-06,38.82
10449,3616200,18-Feb-06,27-Feb-06,53.3
11279,1029,18-Feb-06,27-Feb-06,53.3
11709,680000,18-Feb-06,27-Feb-06,53.3
10450,3303300,19-Feb-06,11-Mar-06,7.23
10451,2904300,19-Feb-06,12-Mar-06,189.09
11280,720000,19-Feb-06,11-Mar-06,7.23
11281,1032,19-Feb-06,12-Mar-06,189.09
10452,180000,20-Feb-06,26-Feb-06,140.26
11282,3498600,20-Feb-06,26-Feb-06,140.26
10453,2952600,21-Feb-06,26-Feb-06,25.36
10454,2650200,21-Feb-06,25-Feb-06,2.74
11283,680000,21-Feb-06,26-Feb-06,25.36
11284,3294900,21-Feb-06,25-Feb-06,2.74
11713,3580500,21-Feb-06,26-Feb-06,25.36
10455,3574200,24-Feb-06,3-Mar-06,180.45
11285,1340000,24-Feb-06,3-Mar-06,180.45
10456,470000,25-Feb-06,28-Feb-06,8.12
10457,2853900,25-Feb-06,3-Mar-06,11.57
11286,2776200,25-Feb-06,28-Feb-06,8.12
11287,3045000,25-Feb-06,3-Mar-06,11.57
11288,3362100,26-Feb-06,4-Mar-06,147.06
10458,1113,26-Feb-06,4-Mar-06,147.06
10459,3248700,27-Feb-06,28-Feb-06,25.09
11289,10000,27-Feb-06,28-Feb-06,25.09
10460,3425100,28-Feb-06,3-Mar-06,16.27
10461,3313800,28-Feb-06,5-Mar-06,148.61
11290,1460000,28-Feb-06,3-Mar-06,16.27
11291,2845500,28-Feb-06,5-Mar-06,148.61
11292,5415,3-Mar-06,18-Mar-06,6.17
11722,3553200,3-Mar-06,18-Mar-06,6.17
10463,3194100,4-Mar-06,6-Mar-06,14.78
10464,3124800,4-Mar-06,14-Mar-06,89
11293,3362100,4-Mar-06,6-Mar-06,14.78
11294,2937900,4-Mar-06,14-Mar-06,89
10465,3110100,5-Mar-06,14-Mar-06,145.04
11295,2874900,5-Mar-06,14-Mar-06,145.04
10466,3007200,6-Mar-06,13-Mar-06,11.93
10467,1260000,6-Mar-06,11-Mar-06,4.93
11296,3177300,6-Mar-06,13-Mar-06,11.93
11297,3675000,6-Mar-06,11-Mar-06,4.93
11726,2692200,6-Mar-06,13-Mar-06,11.93
10468,780000,7-Mar-06,12-Mar-06,44.12
11298,2553600,7-Mar-06,12-Mar-06,44.12
10469,1080000,10-Mar-06,14-Mar-06,60.18
11299,3122700,10-Mar-06,14-Mar-06,60.18
10470,460000,11-Mar-06,14-Mar-06,64.56
10471,2658600,11-Mar-06,18-Mar-06,45.59
11300,1069,11-Mar-06,14-Mar-06,64.56
11301,3570000,11-Mar-06,18-Mar-06,45.59
11730,3118500,11-Mar-06,14-Mar-06,64.56
11731,1020,11-Mar-06,18-Mar-06,45.59
10472,3166800,12-Mar-06,19-Mar-06,4.2
11302,3656100,12-Mar-06,19-Mar-06,4.2
11303,820000,13-Mar-06,21-Mar-06,16.37
10473,1049,13-Mar-06,21-Mar-06,16.37
10474,2736300,13-Mar-06,21-Mar-06,83.49
11304,2874900,13-Mar-06,21-Mar-06,83.49
10475,2811900,14-Mar-06,4-Apr-06,68.52
11305,3347400,14-Mar-06,4-Apr-06,68.52
10476,2902200,17-Mar-06,24-Mar-06,4.41
10477,3164700,17-Mar-06,25-Mar-06,13.02
11306,3063900,17-Mar-06,24-Mar-06,4.41
11307,3009300,17-Mar-06,25-Mar-06,13.02
10478,2751000,18-Mar-06,26-Mar-06,4.81
11308,3542700,18-Mar-06,26-Mar-06,4.81
10479,4200,19-Mar-06,21-Mar-06,708.95
11309,3639300,19-Mar-06,21-Mar-06,708.95
10480,3498600,20-Mar-06,24-Mar-06,1.35
10481,1500000,20-Mar-06,25-Mar-06,64.33
11310,3078600,20-Mar-06,24-Mar-06,1.35
11311,3502800,20-Mar-06,25-Mar-06,64.33
10482,2849700,21-Mar-06,10-Apr-06,7.48
11312,3458700,21-Mar-06,10-Apr-06,7.48
10483,3383100,24-Mar-06,25-Apr-06,15.28
10484,3040800,24-Mar-06,1-Apr-06,6.88
11744,1041,24-Mar-06,1-Apr-06,6.88
11313,0,24-Mar-06,25-Apr-06,15.28
11314,2723700,24-Mar-06,1-Apr-06,6.88
10485,3528000,25-Mar-06,31-Mar-06,64.45
11315,3292800,25-Mar-06,31-Mar-06,64.45
10486,3045000,26-Mar-06,2-Apr-06,30.53
10487,3055500,26-Mar-06,28-Mar-06,71.07
11316,3588900,26-Mar-06,2-Apr-06,30.53
11317,3628800,26-Mar-06,28-Mar-06,71.07
10488,3217200,27-Mar-06,2-Apr-06,4.93
11318,1190000,27-Mar-06,2-Apr-06,4.93
10489,3649800,28-Mar-06,9-Apr-06,5.29
11319,1390000,28-Mar-06,9-Apr-06,5.29
10490,1048,31-Mar-06,3-Apr-06,210.19
10491,2694300,31-Mar-06,8-Apr-06,16.96
11320,2967300,31-Mar-06,3-Apr-06,210.19
11321,2849700,31-Mar-06,8-Apr-06,16.96
10492,3301200,1-Apr-06,11-Apr-06,62.89
11752,1125,1-Apr-06,11-Apr-06,62.89
11322,3418800,1-Apr-06,11-Apr-06,62.89
10493,3202500,2-Apr-06,10-Apr-06,10.64
10494,2801400,2-Apr-06,9-Apr-06,65.99
11754,1230000,2-Apr-06,9-Apr-06,65.99
11323,1580000,2-Apr-06,10-Apr-06,10.64
11324,1015,2-Apr-06,9-Apr-06,65.99
10495,3532200,3-Apr-06,11-Apr-06,4.65
11325,2971500,3-Apr-06,11-Apr-06,4.65
10496,1093,4-Apr-06,7-Apr-06,46.77
10497,2933700,4-Apr-06,7-Apr-06,36.21
11326,500000,4-Apr-06,7-Apr-06,46.77
11327,1180000,4-Apr-06,7-Apr-06,36.21
10498,790000,7-Apr-06,11-Apr-06,29.75
11328,2734200,7-Apr-06,11-Apr-06,29.75
10499,2740500,8-Apr-06,16-Apr-06,102.02
11329,2814000,8-Apr-06,16-Apr-06,102.02
10500,3208800,9-Apr-06,17-Apr-06,42.68
10501,1200000,9-Apr-06,16-Apr-06,8.85
11761,1115,9-Apr-06,16-Apr-06,8.85
11330,3021900,9-Apr-06,17-Apr-06,42.68
11331,3595200,9-Apr-06,16-Apr-06,8.85
10502,3009300,10-Apr-06,29-Apr-06,69.32
11332,3622500,10-Apr-06,29-Apr-06,69.32
10503,3168900,11-Apr-06,16-Apr-06,16.74
10504,660000,11-Apr-06,18-Apr-06,59.13
11333,3607800,11-Apr-06,16-Apr-06,16.74
11334,3242400,11-Apr-06,18-Apr-06,59.13
10505,1032,14-Apr-06,21-Apr-06,7.13
11335,3280200,14-Apr-06,21-Apr-06,7.13
10506,2704800,15-Apr-06,2-May-06,21.19
10507,910000,15-Apr-06,22-Apr-06,47.45
11767,3229800,15-Apr-06,22-Apr-06,47.45
11336,510000,15-Apr-06,2-May-06,21.19
11337,3049200,15-Apr-06,22-Apr-06,47.45
10508,2673300,16-Apr-06,13-May-06,4.99
11338,400000,16-Apr-06,13-May-06,4.99
10509,1192380,17-Apr-06,29-Apr-06,0.15
11769,3242400,17-Apr-06,29-Apr-06,0.15
11339,2650200,17-Apr-06,29-Apr-06,0.15
10510,2853900,18-Apr-06,28-Apr-06,367.63
10511,2683800,18-Apr-06,21-Apr-06,350.64
11771,1540000,18-Apr-06,21-Apr-06,350.64
11340,830000,18-Apr-06,28-Apr-06,367.63
11341,3612000,18-Apr-06,21-Apr-06,350.64
10512,3227700,21-Apr-06,24-Apr-06,3.53
11342,3582600,21-Apr-06,24-Apr-06,3.53
10513,3019800,22-Apr-06,28-Apr-06,105.65
10514,1037,22-Apr-06,16-May-06,789.95
11343,3658200,22-Apr-06,28-Apr-06,105.65
11344,1005,22-Apr-06,16-May-06,789.95
10515,780000,23-Apr-06,23-May-06,204.47
11345,2646000,23-Apr-06,23-May-06,204.47
10516,720000,24-Apr-06,1-May-06,62.78
10517,3481800,24-Apr-06,29-Apr-06,32.07
11346,880000,24-Apr-06,1-May-06,62.78
11347,1180000,24-Apr-06,29-Apr-06,32.07
10518,2877000,25-Apr-06,5-May-06,218.15
11348,3391500,25-Apr-06,5-May-06,218.15
10519,1240000,28-Apr-06,1-May-06,91.76
11779,3469200,28-Apr-06,1-May-06,91.76
11349,2685900,28-Apr-06,1-May-06,91.76
10520,2568300,29-Apr-06,1-May-06,13.37
10521,570000,29-Apr-06,2-May-06,17.22
11781,1530000,29-Apr-06,2-May-06,17.22
11350,2732100,29-Apr-06,1-May-06,13.37
11351,510000,29-Apr-06,2-May-06,17.22
10522,2891700,30-Apr-06,6-May-06,45.33
11352,5470,30-Apr-06,6-May-06,45.33
10523,2694300,1-May-06,30-May-06,77.63
10524,2761500,1-May-06,7-May-06,244.79
11784,3097500,1-May-06,7-May-06,244.79
11353,1450000,1-May-06,30-May-06,77.63
11354,1003,1-May-06,7-May-06,244.79
10525,340000,2-May-06,23-May-06,11.06
11785,640000,2-May-06,23-May-06,11.06
11355,1105,2-May-06,23-May-06,11.06
10526,1087,5-May-06,15-May-06,58.59
10527,3322200,5-May-06,7-May-06,41.9
11356,3538500,5-May-06,15-May-06,58.59
11357,2961000,5-May-06,7-May-06,41.9
10528,70000,6-May-06,9-May-06,3.35
11358,2908500,6-May-06,9-May-06,3.35
10529,680000,7-May-06,9-May-06,66.69
11359,9893100,7-May-06,9-May-06,66.69
10530,1230000,8-May-06,12-May-06,339.22
10531,3097500,8-May-06,19-May-06,8.12
11360,1050,8-May-06,12-May-06,339.22
11361,3036600,8-May-06,19-May-06,8.12
10532,2713200,9-May-06,12-May-06,74.46
11362,3210900,9-May-06,12-May-06,74.46
10533,600000,12-May-06,22-May-06,188.04
10534,6999300,12-May-06,14-May-06,27.94
11363,1390000,12-May-06,22-May-06,188.04
11364,90000,12-May-06,14-May-06,27.94
10535,1075,13-May-06,21-May-06,15.64
11795,3215100,13-May-06,21-May-06,15.64
11365,2763600,13-May-06,21-May-06,15.64
10536,0,14-May-06,6-Jun-06,58.88
10537,2885400,14-May-06,19-May-06,78.85
11366,1100000,14-May-06,6-Jun-06,58.88
11367,3234000,14-May-06,19-May-06,78.85
10538,3156300,15-May-06,16-May-06,4.87
11798,2660700,15-May-06,16-May-06,4.87
11368,40000,15-May-06,16-May-06,4.87
10539,3244500,16-May-06,23-May-06,12.36
11799,1088,16-May-06,23-May-06,12.36
11369,1260000,16-May-06,23-May-06,12.36
10541,2814000,19-May-06,29-May-06,68.65
11371,1091,19-May-06,29-May-06,68.65
10542,1020,20-May-06,26-May-06,10.95
11372,1020000,20-May-06,26-May-06,10.95
10543,3160500,21-May-06,23-May-06,48.17
10544,990000,21-May-06,30-May-06,24.91
11374,1110,21-May-06,30-May-06,24.91
11375,3477600,22-May-06,26-Jun-06,11.92
10546,680000,23-May-06,27-May-06,194.72
10547,3208800,23-May-06,2-Jun-06,178.43
11376,9286200,23-May-06,27-May-06,194.72
11377,1170000,23-May-06,2-Jun-06,178.43
10548,2820300,26-May-06,2-Jun-06,1.43
11378,3246600,26-May-06,2-Jun-06,1.43
10549,3366300,27-May-06,30-May-06,171.24
11379,1037,27-May-06,30-May-06,171.24
10550,3458700,28-May-06,6-Jun-06,4.32
10551,3076500,28-May-06,6-Jun-06,72.95
11380,1180000,28-May-06,6-Jun-06,4.32
11381,2677500,28-May-06,6-Jun-06,72.95
10552,3454500,29-May-06,5-Jun-06,83.22
11382,1602300,29-May-06,5-Jun-06,83.22
10553,1350000,30-May-06,3-Jun-06,149.49
10554,2822400,30-May-06,5-Jun-06,120.97
11383,3221400,30-May-06,3-Jun-06,149.49
11384,2849700,30-May-06,5-Jun-06,120.97
10555,3534300,2-Jun-06,4-Jun-06,252.49
11385,2772000,2-Jun-06,4-Jun-06,252.49
10556,2914800,3-Jun-06,13-Jun-06,9.8
10557,1129,3-Jun-06,6-Jun-06,96.72
11386,1037,3-Jun-06,13-Jun-06,9.8
11387,3221400,3-Jun-06,6-Jun-06,96.72
10558,1007,4-Jun-06,10-Jun-06,72.97
11818,1260000,4-Jun-06,10-Jun-06,72.97
11388,3635100,4-Jun-06,10-Jun-06,72.97
10559,3408300,5-Jun-06,13-Jun-06,8.05
11819,450000,5-Jun-06,13-Jun-06,8.05
11389,1048,5-Jun-06,13-Jun-06,8.05
10560,3210900,6-Jun-06,9-Jun-06,36.65
10561,1150000,6-Jun-06,9-Jun-06,242.21
11390,1088,6-Jun-06,9-Jun-06,36.65
11391,3561600,6-Jun-06,9-Jun-06,242.21
10562,3225600,9-Jun-06,12-Jun-06,22.95
11392,640000,9-Jun-06,12-Jun-06,22.95
10563,1080,10-Jun-06,24-Jun-06,60.43
10564,1108,10-Jun-06,16-Jun-06,13.75
11393,510000,10-Jun-06,24-Jun-06,60.43
11394,3435600,10-Jun-06,16-Jun-06,13.75
10565,60000,11-Jun-06,18-Jun-06,7.15
11395,2860200,11-Jun-06,18-Jun-06,7.15
10566,2711100,12-Jun-06,18-Jun-06,88.4
10567,3439800,12-Jun-06,17-Jun-06,33.97
11826,2763600,12-Jun-06,18-Jun-06,88.4
11396,3063900,12-Jun-06,18-Jun-06,88.4
11397,1091,12-Jun-06,17-Jun-06,33.97
10568,280000,13-Jun-06,9-Jul-06,6.54
11398,2868600,13-Jun-06,9-Jul-06,6.54
10569,3351600,16-Jun-06,11-Jul-06,58.98
11399,3662400,16-Jun-06,11-Jul-06,58.98
10570,2908500,17-Jun-06,19-Jun-06,188.99
10571,3118500,17-Jun-06,4-Jul-06,26.06
11400,3576300,17-Jun-06,19-Jun-06,188.99
11401,800000,17-Jun-06,4-Jul-06,26.06
10572,1034,18-Jun-06,25-Jun-06,116.43
11832,2698500,18-Jun-06,25-Jun-06,116.43
11402,2944200,18-Jun-06,25-Jun-06,116.43
10573,2654400,19-Jun-06,20-Jun-06,84.84
10574,3250800,19-Jun-06,30-Jun-06,37.6
11833,270000,19-Jun-06,20-Jun-06,84.84
11403,1360000,19-Jun-06,20-Jun-06,84.84
11404,390000,19-Jun-06,30-Jun-06,37.6
10575,3391500,20-Jun-06,30-Jun-06,127.34
11405,1101,20-Jun-06,30-Jun-06,127.34
10576,190000,23-Jun-06,30-Jun-06,18.56
10577,850000,23-Jun-06,30-Jun-06,25.41
11406,3271800,23-Jun-06,30-Jun-06,18.56
11407,2652300,23-Jun-06,30-Jun-06,25.41
10578,730000,24-Jun-06,25-Jul-06,29.6
11408,3492300,24-Jun-06,25-Jul-06,29.6
11838,7043400,24-Jun-06,25-Jul-06,29.6
10579,2746800,25-Jun-06,4-Jul-06,13.73
11409,3225600,25-Jun-06,4-Jul-06,13.73
10580,3559500,26-Jun-06,1-Jul-06,75.89
10581,3320100,26-Jun-06,2-Jul-06,3.01
11410,3063900,26-Jun-06,1-Jul-06,75.89
11411,3252900,26-Jun-06,2-Jul-06,3.01
10582,500000,27-Jun-06,14-Jul-06,27.71
11412,1083,27-Jun-06,14-Jul-06,27.71
11842,3633000,27-Jun-06,14-Jul-06,27.71
10583,6058500,30-Jun-06,4-Jul-06,7.28
10584,3030300,30-Jun-06,4-Jul-06,59.14
11413,3523800,30-Jun-06,4-Jul-06,7.28
11414,1017,30-Jun-06,4-Jul-06,59.14
11844,3213000,30-Jun-06,4-Jul-06,59.14
10585,1081,1-Jul-06,10-Jul-06,13.41
11415,3322200,1-Jul-06,10-Jul-06,13.41
10586,3038700,2-Jul-06,9-Jul-06,0.48
10587,1106,2-Jul-06,9-Jul-06,62.52
11416,1602300,2-Jul-06,9-Jul-06,0.48
11417,9545550,2-Jul-06,9-Jul-06,62.52
10588,3305400,3-Jul-06,10-Jul-06,194.67
11418,2921100,3-Jul-06,10-Jul-06,194.67
10589,1410000,4-Jul-06,14-Jul-06,4.42
11419,2709000,4-Jul-06,14-Jul-06,4.42
10590,3231900,7-Jul-06,14-Jul-06,44.77
10591,2908500,7-Jul-06,16-Jul-06,55.92
11420,1045,7-Jul-06,14-Jul-06,44.77
11421,1099,7-Jul-06,16-Jul-06,55.92
10592,3198300,8-Jul-06,16-Jul-06,32.1
11422,1096,8-Jul-06,16-Jul-06,32.1
10593,1370000,9-Jul-06,13-Aug-06,174.2
10594,2736300,9-Jul-06,16-Jul-06,5.24
11423,1021,9-Jul-06,13-Aug-06,174.2
11424,1120,9-Jul-06,16-Jul-06,5.24
10595,1054,10-Jul-06,14-Jul-06,96.78
11425,1016,10-Jul-06,14-Jul-06,96.78
10596,3194100,11-Jul-06,12-Aug-06,16.34
10597,3616200,11-Jul-06,18-Jul-06,35.12
11426,70000,11-Jul-06,12-Aug-06,16.34
11427,820000,11-Jul-06,18-Jul-06,35.12
10598,2658600,14-Jul-06,18-Jul-06,44.42
11428,2929500,14-Jul-06,18-Jul-06,44.42
10599,3357900,15-Jul-06,21-Jul-06,29.98
11429,3336900,15-Jul-06,21-Jul-06,29.98
11859,1090950,15-Jul-06,21-Jul-06,29.98
10600,3450300,16-Jul-06,21-Jul-06,45.13
10601,2717400,16-Jul-06,22-Jul-06,58.3
11430,1240000,16-Jul-06,21-Jul-06,45.13
11431,2916900,16-Jul-06,22-Jul-06,58.3
10602,3280200,17-Jul-06,22-Jul-06,2.92
11432,3265500,17-Jul-06,22-Jul-06,2.92
10603,3366300,18-Jul-06,8-Aug-06,48.77
10604,160000,18-Jul-06,29-Jul-06,7.46
11433,3229800,18-Jul-06,8-Aug-06,48.77
11434,1280000,18-Jul-06,29-Jul-06,7.46
10605,3557400,21-Jul-06,29-Jul-06,379.13
11435,1033,21-Jul-06,29-Jul-06,379.13
10606,1102,22-Jul-06,31-Jul-06,79.4
10607,2816100,22-Jul-06,25-Jul-06,200.24
11436,1380000,22-Jul-06,31-Jul-06,79.4
11437,3601500,22-Jul-06,25-Jul-06,200.24
10608,340000,23-Jul-06,1-Aug-06,27.79
11438,3370500,23-Jul-06,1-Aug-06,27.79
10609,3122700,24-Jul-06,30-Jul-06,1.85
11439,3530100,24-Jul-06,30-Jul-06,1.85
10610,1022,25-Jul-06,6-Aug-06,26.78
10611,2778300,25-Jul-06,1-Aug-06,80.65
11440,3578400,25-Jul-06,6-Aug-06,26.78
11441,3362100,25-Jul-06,1-Aug-06,80.65
10612,3070200,28-Jul-06,1-Aug-06,544.08
11442,3624600,28-Jul-06,1-Aug-06,544.08
10613,730000,29-Jul-06,1-Aug-06,8.11
10614,3028200,29-Jul-06,1-Aug-06,1.93
11443,2675400,29-Jul-06,1-Aug-06,8.11
11444,3536400,29-Jul-06,1-Aug-06,1.93
11874,3015600,29-Jul-06,1-Aug-06,1.93
10615,3273900,30-Jul-06,6-Aug-06,0.75
11445,3066000,30-Jul-06,6-Aug-06,0.75
10616,3679200,31-Jul-06,5-Aug-06,116.53
10617,2845500,31-Jul-06,4-Aug-06,18.53
11446,2906400,31-Jul-06,5-Aug-06,116.53
11447,3038700,31-Jul-06,4-Aug-06,18.53
10618,2933700,1-Aug-06,8-Aug-06,154.68
11448,2667000,1-Aug-06,8-Aug-06,154.68
10619,3557400,4-Aug-06,7-Aug-06,91.05
11449,2809800,4-Aug-06,7-Aug-06,91.05
10620,1084,5-Aug-06,14-Aug-06,0.94
10621,940000,5-Aug-06,11-Aug-06,23.73
11450,3284400,5-Aug-06,14-Aug-06,0.94
11451,3105900,5-Aug-06,11-Aug-06,23.73
10622,1123,6-Aug-06,11-Aug-06,50.97
11452,510000,6-Aug-06,11-Aug-06,50.97
10623,960000,7-Aug-06,12-Aug-06,97.18
10624,2646000,7-Aug-06,19-Aug-06,94.8
11453,2830800,7-Aug-06,12-Aug-06,97.18
11454,3481800,7-Aug-06,19-Aug-06,94.8
10625,2654400,8-Aug-06,14-Aug-06,43.9
11455,3603600,8-Aug-06,14-Aug-06,43.9
11885,3572100,8-Aug-06,14-Aug-06,43.9
10626,3580500,11-Aug-06,20-Aug-06,138.69
10627,3154200,11-Aug-06,21-Aug-06,107.46
11456,2765700,11-Aug-06,20-Aug-06,138.69
11457,830000,11-Aug-06,21-Aug-06,107.46
11886,3557400,11-Aug-06,20-Aug-06,138.69
10628,1038,12-Aug-06,20-Aug-06,30.36
10629,1048,12-Aug-06,20-Aug-06,85.46
11458,3292800,12-Aug-06,20-Aug-06,30.36
11459,3028200,12-Aug-06,20-Aug-06,85.46
11888,3376800,12-Aug-06,20-Aug-06,30.36
10630,3654000,13-Aug-06,19-Aug-06,32.35
11460,2772000,13-Aug-06,19-Aug-06,32.35
10631,910000,14-Aug-06,15-Aug-06,0.87
10632,1350000,14-Aug-06,19-Aug-06,41.38
11461,2895900,14-Aug-06,15-Aug-06,0.87
11462,2730000,14-Aug-06,19-Aug-06,41.38
10633,2774100,15-Aug-06,18-Aug-06,477.9
10634,40000,15-Aug-06,21-Aug-06,487.38
11463,3156300,15-Aug-06,18-Aug-06,477.9
11464,1055,15-Aug-06,21-Aug-06,487.38
10635,1164324,18-Aug-06,21-Aug-06,47.46
11465,2984100,18-Aug-06,21-Aug-06,47.46
10636,3097500,19-Aug-06,26-Aug-06,1.15
10637,3105900,19-Aug-06,26-Aug-06,201.29
11466,1095,19-Aug-06,26-Aug-06,1.15
11467,3255000,19-Aug-06,26-Aug-06,201.29
10638,1000000,20-Aug-06,1-Sep-06,158.44
10639,3309600,20-Aug-06,27-Aug-06,38.64
11469,2727900,20-Aug-06,27-Aug-06,38.64
10640,2858100,21-Aug-06,28-Aug-06,23.55
11470,3120600,21-Aug-06,28-Aug-06,23.55
10641,1073,22-Aug-06,26-Aug-06,179.61
10642,3267600,22-Aug-06,5-Sep-06,41.89
11471,2950500,22-Aug-06,26-Aug-06,179.61
11472,2790900,22-Aug-06,5-Sep-06,41.89
10643,920000,25-Aug-06,2-Sep-06,29.46
10644,1240000,25-Aug-06,1-Sep-06,0.14
11473,3137400,25-Aug-06,2-Sep-06,29.46
11474,240000,25-Aug-06,1-Sep-06,0.14
11903,3017700,25-Aug-06,2-Sep-06,29.46
10645,2984100,26-Aug-06,2-Sep-06,12.41
11475,1041,26-Aug-06,2-Sep-06,12.41
10646,3374700,27-Aug-06,3-Sep-06,142.33
10647,3158400,27-Aug-06,3-Sep-06,45.54
11476,3231900,27-Aug-06,3-Sep-06,142.33
11477,3488100,27-Aug-06,3-Sep-06,45.54
10648,3269700,28-Aug-06,9-Sep-06,14.25
10649,3240300,28-Aug-06,29-Aug-06,6.2
11478,720000,28-Aug-06,9-Sep-06,14.25
11479,2952600,28-Aug-06,29-Aug-06,6.2
10650,1120000,29-Aug-06,3-Sep-06,176.81
11480,3675000,29-Aug-06,3-Sep-06,176.81
10651,920000,1-Sep-06,11-Sep-06,20.6
10652,3177300,1-Sep-06,8-Sep-06,7.14
11481,2713200,1-Sep-06,11-Sep-06,20.6
11482,2553600,1-Sep-06,8-Sep-06,7.14
10653,90000,2-Sep-06,19-Sep-06,93.25
10654,2799300,2-Sep-06,11-Sep-06,55.26
11483,2982000,2-Sep-06,19-Sep-06,93.25
11484,5025,2-Sep-06,11-Sep-06,55.26
11914,3664500,2-Sep-06,11-Sep-06,55.26
10655,2904300,3-Sep-06,11-Sep-06,4.41
11485,1048,3-Sep-06,11-Sep-06,4.41
10656,3112200,4-Sep-06,10-Sep-06,57.15
10657,2778300,4-Sep-06,15-Sep-06,352.69
11486,960000,4-Sep-06,10-Sep-06,57.15
11487,1032,4-Sep-06,15-Sep-06,352.69
10658,3488100,5-Sep-06,8-Sep-06,364.15
10659,3326400,5-Sep-06,10-Sep-06,105.81
11488,1037,5-Sep-06,8-Sep-06,364.15
11489,3347400,5-Sep-06,10-Sep-06,105.81
10660,1042,8-Sep-06,15-Oct-06,111.29
11490,2725800,8-Sep-06,15-Oct-06,111.29
10661,3072300,9-Sep-06,15-Sep-06,17.55
10662,2931600,9-Sep-06,18-Sep-06,1.28
11491,1132,9-Sep-06,15-Sep-06,17.55
11492,2979900,9-Sep-06,18-Sep-06,1.28
10663,1520000,10-Sep-06,3-Oct-06,113.15
10664,1500000,10-Sep-06,19-Sep-06,1.27
11493,990000,10-Sep-06,3-Oct-06,113.15
11494,2975700,10-Sep-06,19-Sep-06,1.27
11923,3410400,10-Sep-06,3-Oct-06,113.15
10665,29400,11-Sep-06,17-Sep-06,26.31
11495,3087000,11-Sep-06,17-Sep-06,26.31
10666,3005100,12-Sep-06,22-Sep-06,232.42
10667,1110000,12-Sep-06,19-Sep-06,78.09
11496,3433500,12-Sep-06,22-Sep-06,232.42
11497,1270000,12-Sep-06,19-Sep-06,78.09
10668,1099,15-Sep-06,23-Sep-06,47.22
10669,2709000,15-Sep-06,22-Sep-06,24.39
11498,1076,15-Sep-06,23-Sep-06,47.22
11499,2988300,15-Sep-06,22-Sep-06,24.39
11500,5615,16-Sep-06,18-Sep-06,203.48
10670,3357900,16-Sep-06,18-Sep-06,203.48
10671,710000,17-Sep-06,24-Sep-06,30.34
10672,3641400,17-Sep-06,26-Sep-06,95.75
11501,1090950,17-Sep-06,24-Sep-06,30.34
11502,930000,17-Sep-06,26-Sep-06,95.75
11932,3150000,17-Sep-06,26-Sep-06,95.75
10673,2790900,18-Sep-06,19-Sep-06,22.76
10674,3108000,18-Sep-06,30-Sep-06,0.9
11503,3055500,18-Sep-06,19-Sep-06,22.76
11504,1046,18-Sep-06,30-Sep-06,0.9
10675,1360000,19-Sep-06,23-Sep-06,31.85
11505,470000,19-Sep-06,23-Sep-06,31.85
10676,3225600,22-Sep-06,29-Sep-06,2.01
10677,3483900,22-Sep-06,26-Sep-06,4.03
11506,3076500,22-Sep-06,29-Sep-06,2.01
11507,550000,22-Sep-06,26-Sep-06,4.03
11937,870000,22-Sep-06,26-Sep-06,4.03
10678,3534300,23-Sep-06,16-Oct-06,388.98
10679,1114,23-Sep-06,30-Sep-06,27.94
11508,2862300,23-Sep-06,16-Oct-06,388.98
11509,9893100,23-Sep-06,30-Sep-06,27.94
11939,1570000,23-Sep-06,30-Sep-06,27.94
10680,2822400,24-Sep-06,26-Sep-06,26.61
11510,1030,24-Sep-06,26-Sep-06,26.61
10681,1075,25-Sep-06,30-Sep-06,76.13
10682,1160000,25-Sep-06,1-Oct-06,36.13
11511,560000,25-Sep-06,30-Sep-06,76.13
11512,2923200,25-Sep-06,1-Oct-06,36.13
11942,3651900,25-Sep-06,1-Oct-06,36.13
10683,2742600,26-Sep-06,1-Oct-06,4.4
10684,1000000,26-Sep-06,30-Sep-06,145.63
11513,3612000,26-Sep-06,1-Oct-06,4.4
11514,3620400,26-Sep-06,30-Sep-06,145.63
10685,1103,29-Sep-06,3-Oct-06,33.75
11515,1099,29-Sep-06,3-Oct-06,33.75
10686,1100000,30-Sep-06,8-Oct-06,96.5
10687,1020000,30-Sep-06,30-Oct-06,296.43
11516,3217200,30-Sep-06,8-Oct-06,96.5
11517,790000,30-Sep-06,30-Oct-06,296.43
10688,3528000,1-Oct-06,7-Oct-06,299.09
10689,2862300,1-Oct-06,7-Oct-06,13.42
11518,1123,1-Oct-06,7-Oct-06,299.09
11519,1400000,1-Oct-06,7-Oct-06,13.42
11949,1192380,1-Oct-06,7-Oct-06,13.42
10690,3177300,2-Oct-06,3-Oct-06,15.8
11520,3360000,2-Oct-06,3-Oct-06,15.8
10691,3406200,3-Oct-06,22-Oct-06,810.05
10692,920000,3-Oct-06,13-Oct-06,61.02
11521,3393600,3-Oct-06,22-Oct-06,810.05
11522,3406200,3-Oct-06,13-Oct-06,61.02
11952,1033,3-Oct-06,13-Oct-06,61.02
10693,3553200,6-Oct-06,10-Oct-06,139.34
10694,640000,6-Oct-06,9-Oct-06,398.36
11523,2910600,6-Oct-06,10-Oct-06,139.34
11524,1005,6-Oct-06,9-Oct-06,398.36
10695,1550000,7-Oct-06,14-Oct-06,16.72
11525,2727900,7-Oct-06,14-Oct-06,16.72
10696,460000,8-Oct-06,14-Oct-06,102.55
10697,1250000,8-Oct-06,14-Oct-06,45.52
11526,3670800,8-Oct-06,14-Oct-06,102.55
11527,3534300,8-Oct-06,14-Oct-06,45.52
10698,3034500,9-Oct-06,17-Oct-06,272.47
10699,2683800,9-Oct-06,13-Oct-06,0.58
11528,3473400,9-Oct-06,17-Oct-06,272.47
11529,1270000,9-Oct-06,13-Oct-06,0.58
10700,540000,10-Oct-06,16-Oct-06,65.1
11530,2782500,10-Oct-06,16-Oct-06,65.1
10701,80000,13-Oct-06,15-Oct-06,220.31
10702,3225600,13-Oct-06,21-Oct-06,23.94
11531,1520000,13-Oct-06,15-Oct-06,220.31
11532,2902200,13-Oct-06,21-Oct-06,23.94
11962,3271800,13-Oct-06,21-Oct-06,23.94
10703,1054,14-Oct-06,20-Oct-06,152.3
10704,1240000,14-Oct-06,7-Nov-06,4.78
11533,2961000,14-Oct-06,20-Oct-06,152.3
11534,3177300,14-Oct-06,7-Nov-06,4.78
10705,3185700,15-Oct-06,18-Nov-06,3.52
11535,1602300,15-Oct-06,18-Nov-06,3.52
10706,3257100,16-Oct-06,21-Oct-06,135.63
10707,1048,16-Oct-06,23-Oct-06,21.74
11536,1106,16-Oct-06,21-Oct-06,135.63
11537,2725800,16-Oct-06,23-Oct-06,21.74
11967,3061800,16-Oct-06,23-Oct-06,21.74
10708,2694300,17-Oct-06,5-Nov-06,2.96
10709,3406200,17-Oct-06,20-Nov-06,210.8
11538,3263400,17-Oct-06,5-Nov-06,2.96
11539,2673300,17-Oct-06,20-Nov-06,210.8
10710,560000,20-Oct-06,23-Oct-06,4.98
11540,2998800,20-Oct-06,23-Oct-06,4.98
10711,2753100,21-Oct-06,29-Oct-06,52.41
10712,1029,21-Oct-06,31-Oct-06,89.93
11541,9545550,21-Oct-06,29-Oct-06,52.41
11542,450000,21-Oct-06,31-Oct-06,89.93
10713,540000,22-Oct-06,24-Oct-06,167.05
10714,1550000,22-Oct-06,27-Oct-06,24.49
11543,3315900,22-Oct-06,24-Oct-06,167.05
11544,3118500,22-Oct-06,27-Oct-06,24.49
10715,29400,23-Oct-06,29-Oct-06,63.2
11545,1084,23-Oct-06,29-Oct-06,63.2
11975,3297000,23-Oct-06,29-Oct-06,63.2
10716,1430000,24-Oct-06,27-Oct-06,22.57
10717,3395700,24-Oct-06,29-Oct-06,59.25
11546,3257100,24-Oct-06,27-Oct-06,22.57
11547,1101,24-Oct-06,29-Oct-06,59.25
10718,3242400,27-Oct-06,29-Oct-06,170.88
10719,3492300,27-Oct-06,5-Nov-06,51.44
11548,1057,27-Oct-06,29-Oct-06,170.88
11549,3559500,27-Oct-06,5-Nov-06,51.44
10720,3507000,28-Oct-06,5-Nov-06,9.53
11550,0,28-Oct-06,5-Nov-06,9.53
10721,3500700,29-Oct-06,31-Oct-06,48.92
10722,2816100,29-Oct-06,4-Nov-06,74.58
11551,4911900,29-Oct-06,31-Oct-06,48.92
11552,2868600,29-Oct-06,4-Nov-06,74.58
10723,3053400,30-Oct-06,25-Nov-06,21.72
10724,1014,30-Oct-06,5-Nov-06,57.75
11553,2961000,30-Oct-06,25-Nov-06,21.72
11554,2648100,30-Oct-06,5-Nov-06,57.75
10725,2765700,31-Oct-06,5-Nov-06,10.83
11555,3439800,31-Oct-06,5-Nov-06,10.83
10726,1113,3-Nov-06,5-Dec-06,16.56
10727,3456600,3-Nov-06,5-Dec-06,89.9
11556,750000,3-Nov-06,5-Dec-06,16.56
11557,3364200,3-Nov-06,5-Dec-06,89.9
10728,3641400,4-Nov-06,11-Nov-06,58.33
10729,1089,4-Nov-06,14-Nov-06,141.06
11558,420000,4-Nov-06,11-Nov-06,58.33
11559,2946300,4-Nov-06,14-Nov-06,141.06
10730,1089,5-Nov-06,14-Nov-06,20.12
11560,3196200,5-Nov-06,14-Nov-06,20.12
11990,3561600,5-Nov-06,14-Nov-06,20.12
10732,400000,6-Nov-06,7-Nov-06,16.97
11561,3255000,6-Nov-06,14-Nov-06,96.65
11562,3000900,6-Nov-06,7-Nov-06,16.97
11991,1109,6-Nov-06,14-Nov-06,96.65
11992,1290000,6-Nov-06,7-Nov-06,16.97
10733,3507000,7-Nov-06,10-Nov-06,110.11
10734,2940000,7-Nov-06,12-Nov-06,1.63
11563,1210000,7-Nov-06,10-Nov-06,110.11
11564,3292800,7-Nov-06,12-Nov-06,1.63
11993,2704800,7-Nov-06,10-Nov-06,110.11
10735,2937900,10-Nov-06,21-Nov-06,45.97
11565,3204600,10-Nov-06,21-Nov-06,45.97
10736,630000,11-Nov-06,21-Nov-06,44.1
10737,2929500,11-Nov-06,18-Nov-06,7.79
11566,3219300,11-Nov-06,21-Nov-06,44.1
11567,3479700,11-Nov-06,18-Nov-06,7.79
10738,2900100,12-Nov-06,18-Nov-06,2.91
10739,2723700,12-Nov-06,17-Nov-06,11.08
11568,3250800,12-Nov-06,18-Nov-06,2.91
11569,170000,12-Nov-06,17-Nov-06,11.08
10740,3427200,13-Nov-06,25-Nov-06,81.88
11570,3276000,13-Nov-06,25-Nov-06,81.88
10741,3294900,14-Nov-06,18-Nov-06,10.96
10742,3147900,14-Nov-06,18-Nov-06,243.73
11571,3601500,14-Nov-06,18-Nov-06,10.96
11572,3238200,14-Nov-06,18-Nov-06,243.73
12001,3248700,14-Nov-06,18-Nov-06,10.96
12002,1048,14-Nov-06,18-Nov-06,243.73
10743,2658600,17-Nov-06,21-Nov-06,23.72
10744,3227700,17-Nov-06,24-Nov-06,69.19
11573,1420860,17-Nov-06,21-Nov-06,23.72
11574,3250800,17-Nov-06,24-Nov-06,69.19
12003,2881200,17-Nov-06,21-Nov-06,23.72
10745,9545550,18-Nov-06,27-Nov-06,3.52
11575,2664900,18-Nov-06,27-Nov-06,3.52
10746,3307500,19-Nov-06,21-Nov-06,31.43
10747,1033,19-Nov-06,26-Nov-06,117.33
11576,2891700,19-Nov-06,21-Nov-06,31.43
11577,2662800,19-Nov-06,26-Nov-06,117.33
12006,3378900,19-Nov-06,21-Nov-06,31.43
10748,2919000,20-Nov-06,28-Nov-06,232.55
10749,3118500,20-Nov-06,19-Dec-06,61.53
11578,3630900,20-Nov-06,28-Nov-06,232.55
11579,1032,20-Nov-06,19-Dec-06,61.53
10750,1105,21-Nov-06,24-Nov-06,79.3
11580,620000,21-Nov-06,24-Nov-06,79.3
10751,1420000,24-Nov-06,3-Dec-06,130.79
10752,3049200,24-Nov-06,28-Nov-06,1.39
11581,2738400,24-Nov-06,3-Dec-06,130.79
11582,1042,24-Nov-06,28-Nov-06,1.39
10753,2856000,25-Nov-06,27-Nov-06,7.7
10754,3255000,25-Nov-06,27-Nov-06,2.38
11583,1420860,25-Nov-06,27-Nov-06,7.7
11584,3244500,25-Nov-06,27-Nov-06,2.38
10755,1048,26-Nov-06,28-Nov-06,16.71
11585,3265500,26-Nov-06,28-Nov-06,16.71
12015,580000,26-Nov-06,28-Nov-06,16.71
10756,140000,27-Nov-06,2-Dec-06,73.21
10757,1420000,27-Nov-06,15-Dec-06,8.19
11586,1947960,27-Nov-06,2-Dec-06,73.21
11587,3395700,27-Nov-06,15-Dec-06,8.19
10758,1110,28-Nov-06,4-Dec-06,138.17
10759,1500000,28-Nov-06,12-Dec-06,11.99
11588,3528000,28-Nov-06,4-Dec-06,138.17
11589,3005100,28-Nov-06,12-Dec-06,11.99
12019,1055,28-Nov-06,12-Dec-06,11.99
10760,2759400,1-Dec-06,10-Dec-06,155.64
11590,3286500,1-Dec-06,10-Dec-06,155.64
10761,9290400,2-Dec-06,8-Dec-06,18.66
10762,2753100,2-Dec-06,9-Dec-06,328.74
11591,1002,2-Dec-06,8-Dec-06,18.66
11592,31500,2-Dec-06,9-Dec-06,328.74
10763,3045000,3-Dec-06,8-Dec-06,37.35
10764,2986200,3-Dec-06,8-Dec-06,145.45
11593,4911900,3-Dec-06,8-Dec-06,37.35
11594,2908500,3-Dec-06,8-Dec-06,145.45
10765,2809800,4-Dec-06,9-Dec-06,42.74
11595,3110100,4-Dec-06,9-Dec-06,42.74
10766,3196200,5-Dec-06,9-Dec-06,157.55
10767,2732100,5-Dec-06,15-Dec-06,1.59
11596,2757300,5-Dec-06,9-Dec-06,157.55
11597,410000,5-Dec-06,15-Dec-06,1.59
10768,1033,8-Dec-06,15-Dec-06,146.32
10769,3479700,8-Dec-06,12-Dec-06,65.06
11598,2765700,8-Dec-06,15-Dec-06,146.32
11599,3509100,8-Dec-06,12-Dec-06,65.06
12028,2799300,8-Dec-06,15-Dec-06,146.32
10770,1032,9-Dec-06,17-Dec-06,5.32
11600,2704800,9-Dec-06,17-Dec-06,5.32
10771,1038,10-Dec-06,2-Jan-07,11.19
10772,3215100,10-Dec-06,19-Dec-06,91.28
11601,3532200,10-Dec-06,2-Jan-07,11.19
11602,1080,10-Dec-06,19-Dec-06,91.28
10773,2778300,11-Dec-06,16-Dec-06,96.43
10774,2891700,11-Dec-06,12-Dec-06,48.2
11603,750000,11-Dec-06,16-Dec-06,96.43
11604,3019800,11-Dec-06,12-Dec-06,48.2
10775,6058500,12-Dec-06,26-Dec-06,20.25
11605,2893800,12-Dec-06,26-Dec-06,20.25
10776,800000,15-Dec-06,18-Dec-06,351.53
10777,3011400,15-Dec-06,21-Jan-07,3.01
11606,1051,15-Dec-06,18-Dec-06,351.53
11607,3271800,15-Dec-06,21-Jan-07,3.01
10778,2799300,16-Dec-06,24-Dec-06,6.79
10779,2744700,16-Dec-06,14-Jan-07,58.13
10780,1036,16-Dec-06,25-Dec-06,42.13
11608,3122700,16-Dec-06,24-Dec-06,6.79
11609,2711100,16-Dec-06,14-Jan-07,58.13
11610,3066000,16-Dec-06,25-Dec-06,42.13
12038,2801400,16-Dec-06,24-Dec-06,6.79
10781,3246600,17-Dec-06,19-Dec-06,73.16
10782,2740500,17-Dec-06,22-Dec-06,1.1
11611,2719500,17-Dec-06,19-Dec-06,73.16
11612,3647700,17-Dec-06,22-Dec-06,1.1
12042,400000,17-Dec-06,22-Dec-06,1.1
10783,1100,18-Dec-06,19-Dec-06,124.98
10784,9893100,18-Dec-06,22-Dec-06,70.09
10785,1129,18-Dec-06,24-Dec-06,1.51
11613,3118500,18-Dec-06,19-Dec-06,124.98
11614,3116400,18-Dec-06,22-Dec-06,70.09
11615,3105900,18-Dec-06,24-Dec-06,1.51
10786,2797200,19-Dec-06,23-Dec-06,110.87
10787,1054,19-Dec-06,26-Dec-06,249.93
11616,3450300,19-Dec-06,23-Dec-06,110.87
11617,2675400,19-Dec-06,26-Dec-06,249.93
10788,180000,22-Dec-06,19-Jan-07,42.7
10789,1093,22-Dec-06,31-Dec-06,100.6
10790,4200,22-Dec-06,26-Dec-06,28.23
11618,1041,22-Dec-06,19-Jan-07,42.7
11619,1010000,22-Dec-06,31-Dec-06,100.6
11620,2975700,22-Dec-06,26-Dec-06,28.23
10791,3301200,23-Dec-06,1-Jan-07,16.85
10792,3204600,23-Dec-06,31-Dec-06,23.79
11621,1066,23-Dec-06,1-Jan-07,16.85
11622,400000,23-Dec-06,31-Dec-06,23.79
10793,3561600,24-Dec-06,8-Jan-07,4.52
10794,3269700,24-Dec-06,2-Jan-07,21.49
10795,3177300,24-Dec-06,20-Jan-07,126.66
11623,2902200,24-Dec-06,8-Jan-07,4.52
11624,240000,24-Dec-06,2-Jan-07,21.49
11625,2694300,24-Dec-06,20-Jan-07,126.66
12053,1560000,24-Dec-06,8-Jan-07,4.52
10796,2988300,25-Dec-06,14-Jan-07,26.52
10797,3595200,25-Dec-06,5-Jan-07,33.35
11626,5415,25-Dec-06,14-Jan-07,26.52
11627,2669100,25-Dec-06,5-Jan-07,33.35
12057,31500,25-Dec-06,5-Jan-07,33.35
10798,3017700,26-Dec-06,5-Jan-07,2.33
10799,1001,26-Dec-06,5-Jan-07,30.76
10800,1470000,26-Dec-06,5-Jan-07,137.44
11628,3578400,26-Dec-06,5-Jan-07,2.33
11629,80000,26-Dec-06,5-Jan-07,30.76
11630,1037,26-Dec-06,5-Jan-07,137.44
10801,9290400,29-Dec-06,31-Dec-06,97.09
10802,3265500,29-Dec-06,2-Jan-07,257.26
11631,1040000,29-Dec-06,31-Dec-06,97.09
11632,3496500,29-Dec-06,2-Jan-07,257.26
12061,1012,29-Dec-06,31-Dec-06,97.09
10803,3381000,30-Dec-06,6-Jan-07,55.23
10804,1080000,30-Dec-06,7-Jan-07,27.33
10805,220000,30-Dec-06,9-Jan-07,237.34
11633,1083,30-Dec-06,6-Jan-07,55.23
11634,1050000,30-Dec-06,7-Jan-07,27.33
11635,2862300,30-Dec-06,9-Jan-07,237.34
10806,3668700,31-Dec-06,5-Jan-07,22.11
10807,2935800,31-Dec-06,30-Jan-07,1.36
11636,3011400,31-Dec-06,5-Jan-07,22.11
11637,920000,31-Dec-06,30-Jan-07,1.36
10808,3252900,1-Jan-07,9-Jan-07,45.53
10809,790000,1-Jan-07,7-Jan-07,4.87
10810,940000,1-Jan-07,7-Jan-07,4.33
11638,1042,1-Jan-07,9-Jan-07,45.53
11639,420000,1-Jan-07,7-Jan-07,4.87
11640,1114,1-Jan-07,7-Jan-07,4.33
10811,3444000,2-Jan-07,8-Jan-07,31.22
10812,1078,2-Jan-07,12-Jan-07,59.78
11641,2725800,2-Jan-07,8-Jan-07,31.22
11642,3246600,2-Jan-07,12-Jan-07,59.78
10813,2872800,5-Jan-07,9-Jan-07,47.38
10814,2658600,5-Jan-07,14-Jan-07,130.94
10815,700000,5-Jan-07,14-Jan-07,14.62
11643,3427200,5-Jan-07,9-Jan-07,47.38
11644,3542700,5-Jan-07,14-Jan-07,130.94
11645,1160000,5-Jan-07,14-Jan-07,14.62
10816,880000,6-Jan-07,4-Feb-07,719.78
10817,1014,6-Jan-07,13-Jan-07,306.07
11646,2639700,6-Jan-07,4-Feb-07,719.78
11647,2952600,6-Jan-07,13-Jan-07,306.07
10818,1500000,7-Jan-07,12-Jan-07,65.48
10819,5530,7-Jan-07,16-Jan-07,19.76
10820,3425100,7-Jan-07,13-Jan-07,37.52
11648,3408300,7-Jan-07,12-Jan-07,65.48
11649,470000,7-Jan-07,16-Jan-07,19.76
11650,1079,7-Jan-07,13-Jan-07,37.52
12079,1081,7-Jan-07,16-Jan-07,19.76
10821,3118500,8-Jan-07,15-Jan-07,36.68
10822,2977800,8-Jan-07,16-Jan-07,7
11651,955500,8-Jan-07,15-Jan-07,36.68
11652,420000,8-Jan-07,16-Jan-07,7
10823,1049,9-Jan-07,13-Jan-07,163.97
10824,1045,9-Jan-07,30-Jan-07,1.23
10825,1077,9-Jan-07,14-Jan-07,79.25
11653,660000,9-Jan-07,13-Jan-07,163.97
11654,1109,9-Jan-07,30-Jan-07,1.23
11655,3633000,9-Jan-07,14-Jan-07,79.25
12085,2856000,9-Jan-07,14-Jan-07,79.25
10826,3395700,12-Jan-07,6-Feb-07,7.09
10827,3034500,12-Jan-07,6-Feb-07,63.54
11656,3637200,12-Jan-07,6-Feb-07,7.09
11657,2929500,12-Jan-07,6-Feb-07,63.54
12086,2664900,12-Jan-07,6-Feb-07,7.09
12087,1080000,12-Jan-07,6-Feb-07,63.54
10828,1040000,13-Jan-07,4-Feb-07,90.85
10829,820000,13-Jan-07,23-Jan-07,154.72
10830,2885400,13-Jan-07,21-Jan-07,81.83
11658,3572100,13-Jan-07,4-Feb-07,90.85
11659,2998800,13-Jan-07,23-Jan-07,154.72
11660,3294900,13-Jan-07,21-Jan-07,81.83
10831,3047100,14-Jan-07,23-Jan-07,72.19
10832,3011400,14-Jan-07,19-Jan-07,43.26
11661,2830800,14-Jan-07,23-Jan-07,72.19
11662,2650200,14-Jan-07,19-Jan-07,43.26
10833,1120,15-Jan-07,23-Jan-07,71.49
10834,31500,15-Jan-07,19-Jan-07,29.78
10835,2919000,15-Jan-07,21-Jan-07,69.53
11663,1042,15-Jan-07,23-Jan-07,71.49
11664,3387300,15-Jan-07,19-Jan-07,29.78
11665,2845500,15-Jan-07,21-Jan-07,69.53
12095,3320100,15-Jan-07,21-Jan-07,69.53
10836,2904300,16-Jan-07,21-Jan-07,411.88
10837,3544800,16-Jan-07,23-Jan-07,13.32
11666,930000,16-Jan-07,21-Jan-07,411.88
11667,2832900,16-Jan-07,23-Jan-07,13.32
12097,1019,16-Jan-07,23-Jan-07,13.32
10838,3448200,19-Jan-07,23-Jan-07,59.28
10839,2872800,19-Jan-07,22-Jan-07,35.43
10840,2688000,19-Jan-07,16-Feb-07,2.71
11668,3097500,19-Jan-07,23-Jan-07,59.28
11669,2841300,19-Jan-07,22-Jan-07,35.43
11670,3154200,19-Jan-07,16-Feb-07,2.71
10841,1112,20-Jan-07,29-Jan-07,424.3
10842,1095,20-Jan-07,29-Jan-07,54.42
11671,3483900,20-Jan-07,29-Jan-07,424.3
11672,3013500,20-Jan-07,29-Jan-07,54.42
10843,3513300,21-Jan-07,26-Jan-07,9.26
10844,3406200,21-Jan-07,26-Jan-07,25.22
10845,3370500,21-Jan-07,30-Jan-07,212.98
11673,2086140,21-Jan-07,26-Jan-07,9.26
11674,550000,21-Jan-07,26-Jan-07,25.22
11675,3481800,21-Jan-07,30-Jan-07,212.98
10846,320000,22-Jan-07,23-Jan-07,56.46
10847,2652300,22-Jan-07,10-Feb-07,487.57
11676,1099,22-Jan-07,23-Jan-07,56.46
11677,3036600,22-Jan-07,10-Feb-07,487.57
10848,3530100,23-Jan-07,29-Jan-07,38.24
10849,3183600,23-Jan-07,30-Jan-07,0.56
10850,890000,23-Jan-07,30-Jan-07,49.19
11678,2667000,23-Jan-07,29-Jan-07,38.24
11679,2874900,23-Jan-07,30-Jan-07,0.56
11680,2946300,23-Jan-07,30-Jan-07,49.19
12108,3196200,23-Jan-07,29-Jan-07,38.24
10851,3210900,26-Jan-07,2-Feb-07,160.55
10852,260000,26-Jan-07,30-Jan-07,174.05
11681,1006,26-Jan-07,2-Feb-07,160.55
11682,29400,26-Jan-07,30-Jan-07,174.05
10853,3662400,27-Jan-07,3-Feb-07,53.83
10854,3628800,27-Jan-07,5-Feb-07,100.22
10855,3051300,27-Jan-07,4-Feb-07,170.97
11683,3370500,27-Jan-07,3-Feb-07,53.83
11684,3654000,27-Jan-07,5-Feb-07,100.22
11685,3021900,27-Jan-07,4-Feb-07,170.97
12113,3668700,27-Jan-07,3-Feb-07,53.83
10856,3668700,28-Jan-07,10-Feb-07,58.43
10857,220000,28-Jan-07,6-Feb-07,188.85
11686,360000,28-Jan-07,10-Feb-07,58.43
11687,2660700,28-Jan-07,6-Feb-07,188.85
12116,3393600,28-Jan-07,10-Feb-07,58.43
12117,3460800,28-Jan-07,6-Feb-07,188.85
10858,5320,29-Jan-07,3-Feb-07,52.51
10859,1045,29-Jan-07,2-Feb-07,76.1
10860,3139500,29-Jan-07,4-Feb-07,19.26
11688,70000,29-Jan-07,3-Feb-07,52.51
11689,3660300,29-Jan-07,2-Feb-07,76.1
11690,3213000,29-Jan-07,4-Feb-07,19.26
10861,2553600,30-Jan-07,17-Feb-07,14.93
10862,3066000,30-Jan-07,2-Feb-07,53.23
11691,2826600,30-Jan-07,17-Feb-07,14.93
11692,1070000,30-Jan-07,2-Feb-07,53.23
10863,2681700,2-Feb-07,17-Feb-07,30.26
10864,3441900,2-Feb-07,9-Feb-07,3.04
10865,430000,2-Feb-07,12-Feb-07,348.14
11693,2835000,2-Feb-07,17-Feb-07,30.26
11694,2759400,2-Feb-07,9-Feb-07,3.04
11695,2646000,2-Feb-07,12-Feb-07,348.14
12124,2996700,2-Feb-07,9-Feb-07,3.04
10866,3431400,3-Feb-07,12-Feb-07,109.11
10867,3572100,3-Feb-07,11-Feb-07,1.93
11696,40000,3-Feb-07,12-Feb-07,109.11
11697,1005,3-Feb-07,11-Feb-07,1.93
12126,3488100,3-Feb-07,12-Feb-07,109.11
10868,2799300,4-Feb-07,23-Feb-07,191.27
10869,1057,4-Feb-07,9-Feb-07,143.28
10870,3614100,4-Feb-07,13-Feb-07,12.04
11698,1190000,4-Feb-07,23-Feb-07,191.27
11699,3641400,4-Feb-07,9-Feb-07,143.28
11700,2826600,4-Feb-07,13-Feb-07,12.04
10871,830000,5-Feb-07,10-Feb-07,112.27
10872,3521700,5-Feb-07,9-Feb-07,175.32
11701,1105,5-Feb-07,10-Feb-07,112.27
11702,2803500,5-Feb-07,9-Feb-07,175.32
12131,3055500,5-Feb-07,10-Feb-07,112.27
10873,2654400,6-Feb-07,9-Feb-07,0.82
10874,3091200,6-Feb-07,11-Feb-07,19.58
10875,3179400,6-Feb-07,3-Mar-07,32.37
11703,2902200,6-Feb-07,9-Feb-07,0.82
11704,1019,6-Feb-07,11-Feb-07,19.58
11705,1520000,6-Feb-07,3-Mar-07,32.37
12135,2935800,6-Feb-07,3-Mar-07,32.37
10876,1081,9-Feb-07,12-Feb-07,60.42
10877,1063,9-Feb-07,19-Feb-07,38.06
11706,9286200,9-Feb-07,12-Feb-07,60.42
11707,3433500,9-Feb-07,19-Feb-07,38.06
12136,3269700,9-Feb-07,12-Feb-07,60.42
10878,3486000,10-Feb-07,12-Feb-07,46.69
10879,2641800,10-Feb-07,12-Feb-07,8.5
10880,1170000,10-Feb-07,18-Feb-07,88.01
11708,3549000,10-Feb-07,12-Feb-07,46.69
11709,1068,10-Feb-07,12-Feb-07,8.5
11710,2639700,10-Feb-07,18-Feb-07,88.01
10881,70000,11-Feb-07,18-Feb-07,2.84
10882,1120,11-Feb-07,20-Feb-07,23.1
11711,1113,11-Feb-07,18-Feb-07,2.84
11712,2730000,11-Feb-07,20-Feb-07,23.1
12141,2681700,11-Feb-07,18-Feb-07,2.84
10883,3257100,12-Feb-07,20-Feb-07,0.53
10884,1061,12-Feb-07,13-Feb-07,90.97
10885,1390000,12-Feb-07,18-Feb-07,5.64
11713,2898000,12-Feb-07,20-Feb-07,0.53
11714,1035,12-Feb-07,13-Feb-07,90.97
11715,5085,12-Feb-07,18-Feb-07,5.64
10886,2956800,13-Feb-07,2-Mar-07,4.99
10887,170000,13-Feb-07,16-Feb-07,1.25
11716,310000,13-Feb-07,2-Mar-07,4.99
11717,3273900,13-Feb-07,16-Feb-07,1.25
10888,1220000,16-Feb-07,23-Feb-07,51.87
10889,3330600,16-Feb-07,23-Feb-07,280.61
10890,2929500,16-Feb-07,18-Feb-07,32.76
11718,3576300,16-Feb-07,23-Feb-07,51.87
11719,2929500,16-Feb-07,23-Feb-07,280.61
11720,3019800,16-Feb-07,18-Feb-07,32.76
10891,1420860,17-Feb-07,19-Feb-07,20.37
10892,1073,17-Feb-07,19-Feb-07,120.27
11721,2908500,17-Feb-07,19-Feb-07,20.37
11722,2916900,17-Feb-07,19-Feb-07,120.27
10893,3087000,18-Feb-07,20-Feb-07,77.78
10894,1250000,18-Feb-07,20-Feb-07,116.13
10895,1280000,18-Feb-07,23-Feb-07,162.75
11723,1005,18-Feb-07,20-Feb-07,77.78
11724,2933700,18-Feb-07,20-Feb-07,116.13
11725,2772000,18-Feb-07,23-Feb-07,162.75
10896,2696400,19-Feb-07,27-Feb-07,32.45
10897,370000,19-Feb-07,25-Feb-07,603.54
11726,3297000,19-Feb-07,27-Feb-07,32.45
11727,1440000,19-Feb-07,25-Feb-07,603.54
10898,2709000,20-Feb-07,6-Mar-07,1.27
10899,1049,20-Feb-07,26-Feb-07,1.21
10900,870000,20-Feb-07,4-Mar-07,1.66
11728,3070200,20-Feb-07,6-Mar-07,1.27
11729,2664900,20-Feb-07,26-Feb-07,1.21
11730,1050000,20-Feb-07,4-Mar-07,1.66
10901,2744700,23-Feb-07,26-Feb-07,62.09
10902,1039,23-Feb-07,3-Mar-07,44.15
11731,2675400,23-Feb-07,26-Feb-07,62.09
11732,2990400,23-Feb-07,3-Mar-07,44.15
10903,3015600,24-Feb-07,4-Mar-07,36.71
10904,6999300,24-Feb-07,27-Feb-07,162.95
10905,3622500,24-Feb-07,6-Mar-07,13.72
11733,2553600,24-Feb-07,4-Mar-07,36.71
11734,710000,24-Feb-07,27-Feb-07,162.95
11735,1114,24-Feb-07,6-Mar-07,13.72
10906,2748900,25-Feb-07,3-Mar-07,26.29
10907,2944200,25-Feb-07,27-Feb-07,9.19
11736,870000,25-Feb-07,3-Mar-07,26.29
11737,1064,25-Feb-07,27-Feb-07,9.19
10908,2667000,26-Feb-07,6-Mar-07,32.96
10909,1560000,26-Feb-07,10-Mar-07,53.05
10910,3336900,26-Feb-07,4-Mar-07,38.11
10911,3536400,26-Feb-07,5-Mar-07,38.19
10912,780000,26-Feb-07,18-Mar-07,580.91
10913,29400,26-Feb-07,4-Mar-07,33.05
11738,3000900,26-Feb-07,6-Mar-07,32.96
11739,3616200,26-Feb-07,10-Mar-07,53.05
11740,780000,26-Feb-07,4-Mar-07,38.11
11741,3553200,26-Feb-07,5-Mar-07,38.19
11742,3271800,26-Feb-07,18-Mar-07,580.91
11743,3603600,26-Feb-07,4-Mar-07,33.05
10914,710000,27-Feb-07,2-Mar-07,21.19
10915,2671200,27-Feb-07,2-Mar-07,3.51
10916,1290000,27-Feb-07,9-Mar-07,63.77
11744,760000,27-Feb-07,2-Mar-07,21.19
11745,3658200,27-Feb-07,2-Mar-07,3.51
11746,1093,27-Feb-07,9-Mar-07,63.77
10917,3017700,2-Mar-07,11-Mar-07,8.29
10918,1010,2-Mar-07,11-Mar-07,48.83
10919,2650200,2-Mar-07,4-Mar-07,19.8
11747,1020000,2-Mar-07,11-Mar-07,8.29
11748,390000,2-Mar-07,11-Mar-07,48.83
11749,1093,2-Mar-07,4-Mar-07,19.8
12178,2744700,2-Mar-07,11-Mar-07,48.83
10920,3586800,3-Mar-07,9-Mar-07,29.61
10921,3063900,3-Mar-07,9-Mar-07,176.48
10922,2744700,3-Mar-07,5-Mar-07,62.74
10923,790000,3-Mar-07,13-Mar-07,68.26
11750,1350000,3-Mar-07,9-Mar-07,29.61
11751,1220000,3-Mar-07,9-Mar-07,176.48
11752,3210900,3-Mar-07,5-Mar-07,62.74
11753,4441500,3-Mar-07,13-Mar-07,68.26
12180,340000,3-Mar-07,9-Mar-07,29.61
10924,2780400,4-Mar-07,8-Apr-07,151.52
10925,3227700,4-Mar-07,13-Mar-07,2.27
10926,3376800,4-Mar-07,11-Mar-07,39.92
11754,1192380,4-Mar-07,8-Apr-07,151.52
11755,690000,4-Mar-07,13-Mar-07,2.27
11756,2646000,4-Mar-07,11-Mar-07,39.92
12184,1039,4-Mar-07,8-Apr-07,151.52
12186,2740500,4-Mar-07,11-Mar-07,39.92
10927,3011400,5-Mar-07,8-Apr-07,19.79
10928,1042,5-Mar-07,18-Mar-07,1.36
10929,320000,5-Mar-07,12-Mar-07,33.93
11757,3477600,5-Mar-07,8-Apr-07,19.79
11758,2956800,5-Mar-07,18-Mar-07,1.36
11759,3105900,5-Mar-07,12-Mar-07,33.93
10930,1013,6-Mar-07,18-Mar-07,15.55
10931,550000,6-Mar-07,19-Mar-07,13.6
10932,2742600,6-Mar-07,24-Mar-07,134.64
10933,3668700,6-Mar-07,16-Mar-07,54.15
11760,3446100,6-Mar-07,18-Mar-07,15.55
11761,660000,6-Mar-07,19-Mar-07,13.6
11762,9290400,6-Mar-07,24-Mar-07,134.64
11763,1063,6-Mar-07,16-Mar-07,54.15
12192,3563700,6-Mar-07,24-Mar-07,134.64
10934,2929500,9-Mar-07,12-Mar-07,32.01
10935,2877000,9-Mar-07,18-Mar-07,47.59
10936,710000,9-Mar-07,18-Mar-07,33.68
11764,3305400,9-Mar-07,12-Mar-07,32.01
11765,9286200,9-Mar-07,18-Mar-07,47.59
11766,2643900,9-Mar-07,18-Mar-07,33.68
10937,1049,10-Mar-07,13-Mar-07,31.51
10938,1039,10-Mar-07,16-Mar-07,31.89
10939,200000,10-Mar-07,13-Mar-07,76.33
11767,3084900,10-Mar-07,13-Mar-07,31.51
11768,1125,10-Mar-07,16-Mar-07,31.89
11769,3234000,10-Mar-07,13-Mar-07,76.33
12197,3492300,10-Mar-07,13-Mar-07,31.51
10940,3030300,11-Mar-07,23-Mar-07,19.77
10941,1078,11-Mar-07,20-Mar-07,400.81
10942,1008,11-Mar-07,18-Mar-07,17.95
10943,3284400,11-Mar-07,19-Mar-07,2.17
11770,2851800,11-Mar-07,23-Mar-07,19.77
11771,3288600,11-Mar-07,20-Mar-07,400.81
11772,2942100,11-Mar-07,18-Mar-07,17.95
11773,860000,11-Mar-07,19-Mar-07,2.17
12200,940000,11-Mar-07,23-Mar-07,19.77
12203,3431400,11-Mar-07,19-Mar-07,2.17
10944,360000,12-Mar-07,13-Mar-07,52.92
10945,2793000,12-Mar-07,18-Mar-07,10.22
10946,2713200,12-Mar-07,19-Mar-07,27.2
11774,190000,12-Mar-07,13-Mar-07,52.92
11775,180000,12-Mar-07,18-Mar-07,10.22
11776,3458700,12-Mar-07,19-Mar-07,27.2
12204,2841300,12-Mar-07,13-Mar-07,52.92
10947,3578400,13-Mar-07,16-Mar-07,3.26
10948,1064,13-Mar-07,19-Mar-07,23.39
10949,2713200,13-Mar-07,17-Mar-07,74.44
11777,1290000,13-Mar-07,16-Mar-07,3.26
11778,600000,13-Mar-07,19-Mar-07,23.39
11779,3156300,13-Mar-07,17-Mar-07,74.44
12207,3467100,13-Mar-07,16-Mar-07,3.26
12209,3278100,13-Mar-07,17-Mar-07,74.44
10950,2811900,16-Mar-07,23-Mar-07,2.5
10951,2723700,16-Mar-07,7-Apr-07,30.85
10952,180000,16-Mar-07,24-Mar-07,40.42
10953,3221400,16-Mar-07,25-Mar-07,23.72
11780,3630900,16-Mar-07,23-Mar-07,2.5
11781,2786700,16-Mar-07,7-Apr-07,30.85
11782,3301200,16-Mar-07,24-Mar-07,40.42
11783,3206700,16-Mar-07,25-Mar-07,23.72
12212,2673300,16-Mar-07,24-Mar-07,40.42
12213,750000,16-Mar-07,25-Mar-07,23.72
10954,1260000,17-Mar-07,20-Mar-07,27.91
10955,1370000,17-Mar-07,20-Mar-07,3.26
10956,2685900,17-Mar-07,20-Mar-07,44.65
11784,180000,17-Mar-07,20-Mar-07,27.91
11785,1103,17-Mar-07,20-Mar-07,3.26
11786,3171000,17-Mar-07,20-Mar-07,44.65
12216,3605700,17-Mar-07,20-Mar-07,44.65
10957,160000,18-Mar-07,27-Mar-07,105.36
10958,3137400,18-Mar-07,27-Mar-07,49.56
10959,955500,18-Mar-07,23-Mar-07,4.98
11787,2860200,18-Mar-07,27-Mar-07,105.36
11788,3238200,18-Mar-07,27-Mar-07,49.56
11789,1380000,18-Mar-07,23-Mar-07,4.98
10960,1021,19-Mar-07,8-Apr-07,2.08
10961,1420860,19-Mar-07,30-Mar-07,104.47
10962,3374700,19-Mar-07,23-Mar-07,275.79
10963,3519600,19-Mar-07,26-Mar-07,2.7
11790,3208800,19-Mar-07,8-Apr-07,2.08
11791,3662400,19-Mar-07,30-Mar-07,104.47
11792,980000,19-Mar-07,23-Mar-07,275.79
11793,780000,19-Mar-07,26-Mar-07,2.7
10964,1017,20-Mar-07,24-Mar-07,87.38
10965,5320,20-Mar-07,30-Mar-07,144.38
10966,3040800,20-Mar-07,8-Apr-07,27.19
11794,420000,20-Mar-07,24-Mar-07,87.38
11795,3593100,20-Mar-07,30-Mar-07,144.38
11796,1051,20-Mar-07,8-Apr-07,27.19
12226,3070200,20-Mar-07,8-Apr-07,27.19
10967,3097500,23-Mar-07,2-Apr-07,62.22
10968,1062,23-Mar-07,1-Apr-07,74.6
10969,3290700,23-Mar-07,30-Mar-07,0.21
11797,3439800,23-Mar-07,2-Apr-07,62.22
11798,2908500,23-Mar-07,1-Apr-07,74.6
11799,930000,23-Mar-07,30-Mar-07,0.21
12229,2673300,23-Mar-07,30-Mar-07,0.21
10970,2786700,24-Mar-07,24-Apr-07,16.16
10971,3429300,24-Mar-07,2-Apr-07,121.82
10972,240000,24-Mar-07,26-Mar-07,0.02
10973,920000,24-Mar-07,27-Mar-07,15.17
11800,1550000,24-Mar-07,24-Apr-07,16.16
11801,570000,24-Mar-07,2-Apr-07,121.82
11802,3418800,24-Mar-07,26-Mar-07,0.02
11803,740000,24-Mar-07,27-Mar-07,15.17
12230,1123,24-Mar-07,24-Apr-07,16.16
10974,2956800,25-Mar-07,3-Apr-07,12.96
10975,3118500,25-Mar-07,27-Mar-07,32.27
10976,2675400,25-Mar-07,3-Apr-07,37.97
11804,3679200,25-Mar-07,3-Apr-07,12.96
11805,3679200,25-Mar-07,27-Mar-07,32.27
11806,900000,25-Mar-07,3-Apr-07,37.97
12235,3372600,25-Mar-07,27-Mar-07,32.27
10977,560000,26-Mar-07,10-Apr-07,208.5
10978,1013,26-Mar-07,23-Apr-07,32.82
10979,1132,26-Mar-07,31-Mar-07,353.07
11807,3315900,26-Mar-07,10-Apr-07,208.5
11808,3108000,26-Mar-07,23-Apr-07,32.82
11809,3101700,26-Mar-07,31-Mar-07,353.07
10980,3349500,27-Mar-07,17-Apr-07,1.26
10981,1550000,27-Mar-07,2-Apr-07,193.37
10982,3049200,27-Mar-07,8-Apr-07,14.01
10983,2874900,27-Mar-07,6-Apr-07,657.54
11810,510000,27-Mar-07,17-Apr-07,1.26
11811,3019800,27-Mar-07,2-Apr-07,193.37
11812,1520000,27-Mar-07,8-Apr-07,14.01
11813,2803500,27-Mar-07,6-Apr-07,657.54
12242,3441900,27-Mar-07,8-Apr-07,14.01
10984,3593100,30-Mar-07,3-Apr-07,211.22
10985,2784600,30-Mar-07,2-Apr-07,91.51
10986,2715300,30-Mar-07,21-Apr-07,217.86
11814,3330600,30-Mar-07,3-Apr-07,211.22
11815,3563700,30-Mar-07,2-Apr-07,91.51
11816,240000,30-Mar-07,21-Apr-07,217.86
10987,670000,31-Mar-07,6-Apr-07,185.48
10988,1390000,31-Mar-07,10-Apr-07,61.14
10989,3194100,31-Mar-07,2-Apr-07,34.76
11817,3630900,31-Mar-07,6-Apr-07,185.48
11818,400000,31-Mar-07,10-Apr-07,61.14
11819,2719500,31-Mar-07,2-Apr-07,34.76
10990,3112200,1-Apr-07,7-Apr-07,117.61
10991,3364200,1-Apr-07,7-Apr-07,38.51
10992,3021900,1-Apr-07,3-Apr-07,4.27
10993,1021,1-Apr-07,10-Apr-07,8.81
11820,1029,1-Apr-07,7-Apr-07,117.61
11821,3563700,1-Apr-07,7-Apr-07,38.51
11822,1033,1-Apr-07,3-Apr-07,4.27
11823,430000,1-Apr-07,10-Apr-07,8.81
10995,3528000,2-Apr-07,6-Apr-07,46
10996,2874900,2-Apr-07,10-Apr-07,1.12
11824,1082,2-Apr-07,9-Apr-07,65.53
11825,240000,2-Apr-07,6-Apr-07,46
11826,2849700,2-Apr-07,10-Apr-07,1.12
10997,1560000,3-Apr-07,13-Apr-07,73.91
10998,3194100,3-Apr-07,17-Apr-07,20.31
10999,3498600,3-Apr-07,10-Apr-07,96.35
11827,3074400,3-Apr-07,13-Apr-07,73.91
11828,2971500,3-Apr-07,17-Apr-07,20.31
11829,1117,3-Apr-07,10-Apr-07,96.35
11000,5060,6-Apr-07,14-Apr-07,55.12
11001,3116400,6-Apr-07,14-Apr-07,197.3
11002,3313800,6-Apr-07,16-Apr-07,141.16
11003,1460000,6-Apr-07,8-Apr-07,14.91
11830,3116400,6-Apr-07,14-Apr-07,55.12
11831,3408300,6-Apr-07,14-Apr-07,197.3
11832,1008,6-Apr-07,16-Apr-07,141.16
11833,3383100,6-Apr-07,8-Apr-07,14.91
11004,2975700,7-Apr-07,20-Apr-07,44.84
11005,3066000,7-Apr-07,10-Apr-07,0.75
11006,2860200,7-Apr-07,15-Apr-07,25.19
11834,2660700,7-Apr-07,20-Apr-07,44.84
11835,3110100,7-Apr-07,10-Apr-07,0.75
11836,3454500,7-Apr-07,15-Apr-07,25.19
11007,1011,8-Apr-07,13-Apr-07,202.24
11008,1108,8-Apr-07,,79.46
11009,5170,8-Apr-07,10-Apr-07,59.11
11837,1101,8-Apr-07,13-Apr-07,202.24
11838,2797200,8-Apr-07,,79.46
11839,3498600,8-Apr-07,10-Apr-07,59.11
11010,3244500,9-Apr-07,21-Apr-07,28.71
11011,1192380,9-Apr-07,13-Apr-07,1.21
11012,3460800,9-Apr-07,17-Apr-07,242.95
11013,2725800,9-Apr-07,10-Apr-07,32.99
11840,3320100,9-Apr-07,21-Apr-07,28.71
11841,3643500,9-Apr-07,13-Apr-07,1.21
11842,1500000,9-Apr-07,17-Apr-07,242.95
11843,2977800,9-Apr-07,10-Apr-07,32.99
12271,2683800,9-Apr-07,13-Apr-07,1.21
11014,1050000,10-Apr-07,15-Apr-07,23.6
11015,2788800,10-Apr-07,20-Apr-07,4.62
11016,31500,10-Apr-07,13-Apr-07,33.8
11844,940000,10-Apr-07,15-Apr-07,23.6
11845,3588900,10-Apr-07,20-Apr-07,4.62
11846,1085,10-Apr-07,13-Apr-07,33.8
12276,620000,10-Apr-07,13-Apr-07,33.8
11017,1116,13-Apr-07,20-Apr-07,754.26
11018,1048,13-Apr-07,16-Apr-07,11.65
11019,3441900,13-Apr-07,,3.17
11847,1270000,13-Apr-07,20-Apr-07,754.26
11848,2891700,13-Apr-07,16-Apr-07,11.65
11849,2881200,13-Apr-07,,3.17
11020,1069,14-Apr-07,16-Apr-07,43.3
11021,2900100,14-Apr-07,21-Apr-07,297.18
11022,1076,14-Apr-07,4-May-07,6.27
11023,3219300,14-Apr-07,24-Apr-07,123.83
11850,1088,14-Apr-07,16-Apr-07,43.3
11851,2988300,14-Apr-07,21-Apr-07,297.18
11852,3122700,14-Apr-07,4-May-07,6.27
11853,3509100,14-Apr-07,24-Apr-07,123.83
12283,3202500,14-Apr-07,24-Apr-07,123.83
11024,480000,15-Apr-07,20-Apr-07,74.36
11025,1200000,15-Apr-07,24-Apr-07,29.17
11026,3273900,15-Apr-07,28-Apr-07,47.09
11854,3372600,15-Apr-07,20-Apr-07,74.36
11855,2692200,15-Apr-07,24-Apr-07,29.17
11856,3019800,15-Apr-07,28-Apr-07,47.09
11027,1078,16-Apr-07,20-Apr-07,52.52
11028,3315900,16-Apr-07,22-Apr-07,29.59
11029,3662400,16-Apr-07,27-Apr-07,47.84
11857,955500,16-Apr-07,20-Apr-07,52.52
11858,1160000,16-Apr-07,22-Apr-07,29.59
11859,2937900,16-Apr-07,27-Apr-07,47.84
12287,2864400,16-Apr-07,20-Apr-07,52.52
12289,3517500,16-Apr-07,27-Apr-07,47.84
11030,460000,17-Apr-07,27-Apr-07,830.75
11031,3173100,17-Apr-07,24-Apr-07,227.22
11032,2952600,17-Apr-07,23-Apr-07,606.19
11033,2977800,17-Apr-07,23-Apr-07,84.74
11860,2788800,17-Apr-07,27-Apr-07,830.75
11861,2912700,17-Apr-07,24-Apr-07,227.22
11862,1042,17-Apr-07,23-Apr-07,606.19
11863,6058500,17-Apr-07,23-Apr-07,84.74
11034,3131100,20-Apr-07,27-Apr-07,40.32
11035,190000,20-Apr-07,24-Apr-07,0.17
11036,1051,20-Apr-07,22-Apr-07,149.47
11864,2793000,20-Apr-07,27-Apr-07,40.32
11865,1095,20-Apr-07,24-Apr-07,0.17
11866,270000,20-Apr-07,22-Apr-07,149.47
12296,2879100,20-Apr-07,22-Apr-07,149.47
11037,3679200,21-Apr-07,27-Apr-07,3.2
11038,1380000,21-Apr-07,30-Apr-07,29.59
11039,1090000,21-Apr-07,,65
11867,160000,21-Apr-07,27-Apr-07,3.2
11868,680000,21-Apr-07,30-Apr-07,29.59
11869,4441500,21-Apr-07,,65
11040,3084900,22-Apr-07,,18.84
11041,3418800,22-Apr-07,28-Apr-07,48.22
11042,1055,22-Apr-07,1-May-07,29.99
11043,2652300,22-Apr-07,29-Apr-07,8.8
11870,330000,22-Apr-07,,18.84
11871,1080000,22-Apr-07,28-Apr-07,48.22
11872,3561600,22-Apr-07,1-May-07,29.99
11873,620000,22-Apr-07,29-Apr-07,8.8
12301,3643500,22-Apr-07,28-Apr-07,48.22
12302,2870700,22-Apr-07,1-May-07,29.99
11044,3609900,23-Apr-07,1-May-07,8.72
11045,3231900,23-Apr-07,,70.58
11046,290000,23-Apr-07,24-Apr-07,71.64
11874,3528000,23-Apr-07,1-May-07,8.72
11875,3005100,23-Apr-07,,70.58
11876,3414600,23-Apr-07,24-Apr-07,71.64
12305,3488100,23-Apr-07,,70.58
11047,1015,24-Apr-07,1-May-07,46.62
11048,2694300,24-Apr-07,30-Apr-07,24.12
11049,1400000,24-Apr-07,4-May-07,8.34
11877,3639300,24-Apr-07,1-May-07,46.62
11878,2893800,24-Apr-07,30-Apr-07,24.12
11879,390000,24-Apr-07,4-May-07,8.34
12308,150000,24-Apr-07,30-Apr-07,24.12
11050,1100000,27-Apr-07,5-May-07,59.41
11051,3068100,27-Apr-07,,2.79
11052,1093,27-Apr-07,1-May-07,67.26
11053,3072300,27-Apr-07,29-Apr-07,53.05
11880,3565800,27-Apr-07,5-May-07,59.41
11881,3158400,27-Apr-07,,2.79
11882,320000,27-Apr-07,1-May-07,67.26
11883,3498600,27-Apr-07,29-Apr-07,53.05
11054,4441500,28-Apr-07,,0.33
11055,1089,28-Apr-07,5-May-07,120.92
11056,3315900,28-Apr-07,1-May-07,278.96
11884,1002,28-Apr-07,,0.33
11885,2982000,28-Apr-07,5-May-07,120.92
11886,3624600,28-Apr-07,1-May-07,278.96
12314,2921100,28-Apr-07,,0.33
11057,1029,29-Apr-07,1-May-07,4.13
11058,2851800,29-Apr-07,,31.14
11059,3385200,29-Apr-07,,85.8
11887,5470,29-Apr-07,1-May-07,4.13
11888,1150000,29-Apr-07,,31.14
11889,2767800,29-Apr-07,,85.8
12318,3630900,29-Apr-07,,31.14
11060,3446100,30-Apr-07,4-May-07,10.98
11061,3196200,30-Apr-07,,14.01
11062,840000,30-Apr-07,,29.93
11063,2671200,30-Apr-07,6-May-07,81.73
11890,3309600,30-Apr-07,4-May-07,10.98
11891,3309600,30-Apr-07,,14.01
11892,2998800,30-Apr-07,,29.93
11893,1087,30-Apr-07,6-May-07,81.73
11064,3080700,1-May-07,4-May-07,30.09
11065,1192380,1-May-07,,12.91
11066,220000,1-May-07,4-May-07,44.72
11894,3208800,1-May-07,4-May-07,30.09
11895,2820300,1-May-07,,12.91
11896,2891700,1-May-07,4-May-07,44.72
11067,2814000,4-May-07,6-May-07,7.98
11068,2937900,4-May-07,,81.75
11069,1054,4-May-07,6-May-07,15.67
11897,3116400,4-May-07,6-May-07,7.98
11898,3021900,4-May-07,,81.75
11899,9290400,4-May-07,6-May-07,15.67
12327,2683800,4-May-07,6-May-07,7.98
11070,2639700,5-May-07,,136
11071,3208800,5-May-07,,0.93
11072,3381000,5-May-07,,258.64
11073,2887500,5-May-07,,24.95
11900,1116,5-May-07,,136
11901,2809800,5-May-07,,0.93
11902,2889600,5-May-07,,258.64
11903,3122700,5-May-07,,24.95
11074,2988300,6-May-07,,18.44
11075,3078600,6-May-07,,6.19
11076,480000,6-May-07,,38.28
11077,3208800,6-May-07,,8.53
11904,2822400,6-May-07,,18.44
11905,2900100,6-May-07,,6.19
11906,3246600,6-May-07,,38.28
11907,3242400,6-May-07,,8.53
12336,3473400,6-May-07,,38.28
