"ORDER_ID","PRODUCT_ID","UNIT_PRICE","QUANTITY"
10845,99102,44.8,1
11055,99101,44.8,1
10251,99102,49,1
10254,99103,49,1
10294,99101,49,1
10309,99101,49,1
10353,99102,49,1
10397,99100,49,1
10465,99101,49,1
10475,99103,49,1
10521,99102,49,1
10533,99100,49,1
10574,99103,49,1
10609,99100,49,1
10612,99100,49,1
10684,99102,49,1
10687,99102,49,1
10750,99100,49,1
10795,99102,49,1
10802,99102,49,1
10831,99102,49,1
11048,99100,49,1
10312,99102,50,1
10329,99100,50,1
10339,99102,50,1
10400,99103,50,1
10414,99103,50,1
10458,99103,50,1
10468,99100,50,1
10538,99103,50,1
10549,99100,50,1
10554,99102,50,1
10572,99102,50,1
10620,99101,50,1
10641,99101,50,1
10666,99102,50,1
10691,99103,50,1
10697,99100,50,1
10713,99100,50,1
10736,99102,50,1
10763,99101,50,1
10858,99102,50,1
10888,99103,50,1
10904,99102,50,1
10917,99103,50,1
11056,99100,50,1
11100,99100,50,1
10597,99101,53.4,1
10903,99101,53.4,1
11052,99102,53.4,1
10317,99102,54.88,1
10379,99103,54.88,1
10391,99102,54.88,1
10401,99102,54.88,1
10415,99101,54.88,1
10446,99100,54.88,1
10463,99103,54.88,1
10465,99103,54.88,1
10530,99101,54.88,1
10638,99103,54.88,1
10657,99101,54.88,1
10751,99103,54.88,1
10781,99100,54.88,1
10826,99101,54.88,1
10975,99103,54.88,1
10982,99101,54.88,1
10985,99102,54.88,1
11023,99103,54.88,1
11045,99101,54.88,1
11076,99100,54.88,1
10255,99101,56,1
10296,99101,56,1
10306,99101,56,1
10325,99102,56,1
10354,99101,56,1
10388,99101,56,1
10433,99101,56,1
10479,99102,56,1
10522,99102,56,1
10558,99103,56,1
10614,99102,56,1
10738,99103,56,1
10837,99100,56,1
10911,99101,56,1
10958,99102,56,1
10970,99100,56,1
10978,99103,56,1
11005,99100,56,1
11027,99103,56,1
11030,99101,56,1
11078,99100,56,1
11093,99102,56,1
11102,99101,56,1
10630,99103,60,1
10648,99103,60,1
10718,99101,60,1
10813,99103,60,1
10829,99103,60,1
10532,99100,66.75,1
10828,99103,66.75,1
10972,99102,66.75,1
10330,99101,67.2,1
10476,99102,67.2,1
10565,99103,67.2,1
10932,99100,67.2,1
10550,99100,70.31,1
10251,99205,71.25,1
10254,99202,71.25,1
10257,99203,71.25,1
10260,99202,71.25,1
10263,99203,71.25,1
10267,99205,71.25,1
10272,99202,71.25,1
10274,99202,71.25,1
10278,99202,71.25,1
10282,99202,71.25,1
10284,99203,71.25,1
10288,99205,71.25,1
10291,99201,71.25,1
10294,99202,71.25,1
10298,99202,71.25,1
10301,99202,71.25,1
10304,99205,71.25,1
10308,99204,71.25,1
10311,99203,71.25,1
10314,99202,71.25,1
10319,99202,71.25,1
10324,99203,71.25,1
10326,99203,71.25,1
10328,99202,71.25,1
10332,99204,71.25,1
10335,99201,71.25,1
10338,99201,71.25,1
10342,99201,71.25,1
10345,99205,71.25,1
10348,99201,71.25,1
10352,99203,71.25,1
10356,99204,71.25,1
10359,99202,71.25,1
10362,99204,71.25,1
10366,99205,71.25,1
10368,99205,71.25,1
10372,99201,71.25,1
10377,99205,71.25,1
10380,99201,71.25,1
10383,99201,71.25,1
10387,99203,71.25,1
10389,99201,71.25,1
10393,99201,71.25,1
10396,99204,71.25,1
10399,99203,71.25,1
10402,99205,71.25,1
10406,99203,71.25,1
10409,99202,71.25,1
10413,99204,71.25,1
10417,99201,71.25,1
10419,99203,71.25,1
10422,99201,71.25,1
10426,99204,71.25,1
10431,99203,71.25,1
10435,99203,71.25,1
10438,99204,71.25,1
10441,99203,71.25,1
10444,99204,71.25,1
10447,99203,71.25,1
10451,99205,71.25,1
10454,99201,71.25,1
10458,99203,71.25,1
10461,99202,71.25,1
10464,99204,71.25,1
10467,99204,71.25,1
10470,99205,71.25,1
10474,99203,71.25,1
10477,99204,71.25,1
10481,99202,71.25,1
10485,99201,71.25,1
10488,99204,71.25,1
10492,99202,71.25,1
10497,99203,71.25,1
10500,99204,71.25,1
10504,99204,71.25,1
10509,99201,71.25,1
10512,99204,71.25,1
10515,99201,71.25,1
10517,99202,71.25,1
10520,99203,71.25,1
10523,99203,71.25,1
10526,99205,71.25,1
10529,99202,71.25,1
10533,99201,71.25,1
10535,99202,71.25,1
10537,99203,71.25,1
10540,99204,71.25,1
10543,99201,71.25,1
10548,99201,71.25,1
10551,99204,71.25,1
10553,99202,71.25,1
10555,99205,71.25,1
10559,99201,71.25,1
10563,99201,71.25,1
10567,99201,71.25,1
10571,99205,71.25,1
10574,99201,71.25,1
10576,99201,71.25,1
10580,99204,71.25,1
10585,99202,71.25,1
10590,99201,71.25,1
10594,99201,71.25,1
10597,99204,71.25,1
10602,99205,71.25,1
10606,99203,71.25,1
10609,99205,71.25,1
10612,99205,71.25,1
10616,99201,71.25,1
10619,99205,71.25,1
10623,99201,71.25,1
10625,99201,71.25,1
10629,99205,71.25,1
10633,99202,71.25,1
10636,99203,71.25,1
10640,99205,71.25,1
10644,99203,71.25,1
10647,99201,71.25,1
10651,99205,71.25,1
10656,99201,71.25,1
10658,99202,71.25,1
10661,99205,71.25,1
10665,99204,71.25,1
10669,99203,71.25,1
10672,99204,71.25,1
10676,99205,71.25,1
10679,99205,71.25,1
10682,99202,71.25,1
10686,99204,71.25,1
10690,99202,71.25,1
10693,99205,71.25,1
10696,99203,71.25,1
10698,99205,71.25,1
10702,99204,71.25,1
10705,99205,71.25,1
10709,99204,71.25,1
10712,99202,71.25,1
10714,99205,71.25,1
10718,99203,71.25,1
10721,99203,71.25,1
10725,99201,71.25,1
10728,99205,71.25,1
10731,99204,71.25,1
10735,99201,71.25,1
10740,99202,71.25,1
10745,99204,71.25,1
10747,99201,71.25,1
10750,99204,71.25,1
10753,99202,71.25,1
10756,99203,71.25,1
10759,99205,71.25,1
10762,99201,71.25,1
10766,99202,71.25,1
10769,99202,71.25,1
10774,99205,71.25,1
10779,99204,71.25,1
10783,99205,71.25,1
10787,99201,71.25,1
10790,99203,71.25,1
10794,99204,71.25,1
10798,99204,71.25,1
10802,99203,71.25,1
10804,99201,71.25,1
10809,99204,71.25,1
10812,99202,71.25,1
10816,99205,71.25,1
10820,99202,71.25,1
10824,99205,71.25,1
10828,99204,71.25,1
10831,99203,71.25,1
10833,99205,71.25,1
10836,99204,71.25,1
10839,99201,71.25,1
10842,99203,71.25,1
10845,99201,71.25,1
10847,99203,71.25,1
10851,99202,71.25,1
10855,99203,71.25,1
10858,99204,71.25,1
10861,99201,71.25,1
10864,99205,71.25,1
10868,99205,71.25,1
10871,99201,71.25,1
10875,99205,71.25,1
10879,99203,71.25,1
10884,99203,71.25,1
10886,99203,71.25,1
10891,99203,71.25,1
10894,99203,71.25,1
10898,99201,71.25,1
10903,99205,71.25,1
10909,99202,71.25,1
10912,99205,71.25,1
10916,99204,71.25,1
10920,99201,71.25,1
10924,99203,71.25,1
10927,99203,71.25,1
10930,99204,71.25,1
10933,99204,71.25,1
10938,99203,71.25,1
10941,99204,71.25,1
10945,99205,71.25,1
10949,99205,71.25,1
10952,99205,71.25,1
10956,99201,71.25,1
10960,99203,71.25,1
10963,99205,71.25,1
10967,99203,71.25,1
10973,99203,71.25,1
10977,99203,71.25,1
10979,99205,71.25,1
10984,99201,71.25,1
10986,99205,71.25,1
10990,99203,71.25,1
10993,99204,71.25,1
10998,99202,71.25,1
11001,99205,71.25,1
11003,99202,71.25,1
11007,99201,71.25,1
11010,99204,71.25,1
11013,99201,71.25,1
11018,99204,71.25,1
11021,99201,71.25,1
11024,99201,71.25,1
11029,99202,71.25,1
11031,99203,71.25,1
11034,99205,71.25,1
11038,99203,71.25,1
11042,99201,71.25,1
10281,99100,4.45,3
10294,99101,4.45,3
10310,99102,4.45,3
10488,99103,4.45,3
10512,99101,4.45,3
10540,99103,4.45,3
10580,99100,4.45,3
10590,99102,4.45,3
10625,99102,4.45,3
10686,99103,4.45,3
10731,99100,4.45,3
10735,99100,4.45,3
10886,99100,4.45,3
10924,99101,4.45,3
10977,99100,4.45,3
11000,99100,4.45,3
11024,99100,4.45,3
11028,99103,4.45,3
10320,99101,5,3
10336,99102,5,3
10373,99100,5,3
10382,99102,5,3
10560,99100,5,3
10567,99103,5,3
10694,99102,5,3
10729,99101,5,3
10942,99100,5,3
10946,99102,5,3
10995,99101,5,3
11022,99100,5,3
10262,99103,5.6,3
10418,99102,5.6,3
10430,99100,5.6,3
10440,99101,5.6,3
10534,99101,5.6,3
10583,99101,5.6,3
10621,99100,5.6,3
10654,99103,5.6,3
10723,99103,5.6,3
10727,99100,5.6,3
10730,99102,5.6,3
10796,99102,5.6,3
10811,99100,5.6,3
11002,99102,5.6,3
10253,99102,8.9,2
10271,99103,8.9,2
10361,99102,8.9,2
10447,99100,8.9,2
10574,99103,8.9,2
10879,99102,8.9,2
11010,99101,8.9,2
11070,99100,8.9,2
10248,99100,10,1
10267,90012,10,1
10273,90034,10,1
10291,90040,10,1
10296,90017,10,1
10298,90011,10,1
10305,90037,10,1
10306,90041,10,1
10308,90010,10,1
10326,90016,10,1
10329,90037,10,1
10332,90019,10,1
10346,90007,10,1
10360,90033,10,1
10370,90016,10,1
10390,90007,10,1
10398,90039,10,1
10409,90012,10,1
10413,90045,10,1
10429,90005,10,1
10452,90019,10,1
10455,90036,10,1
10458,90019,10,1
10475,90042,10,1
10493,90028,10,1
10523,90042,10,1
10548,90011,10,1
10549,90032,10,1
10556,90017,10,1
10558,90027,10,1
10559,90025,10,1
10561,90021,10,1
10572,90026,10,1
10575,90038,10,1
10580,90025,10,1
10603,90032,10,1
10606,90018,10,1
10607,90040,10,1
10621,90036,10,1
10623,90030,10,1
10634,90028,10,1
10638,90027,10,1
10657,90045,10,1
10658,90028,10,1
10658,99103,10,1
10663,90019,10,1
10667,90031,10,1
10680,90034,10,1
10693,90028,10,1
10702,90037,10,1
10703,90029,10,1
10716,90047,10,1
10729,90020,10,1
10733,90012,10,1
10737,90013,10,1
10742,90024,10,1
10767,90035,10,1
10768,90046,10,1
10772,90030,10,1
10776,90019,10,1
10792,90008,10,1
10802,90039,10,1
10806,90011,10,1
10811,90033,10,1
10821,90036,10,1
10826,90006,10,1
10829,90013,10,1
10831,90045,10,1
10839,90043,10,1
10841,90014,10,1
10842,99101,10,1
10855,90017,10,1
10856,90035,10,1
10859,90030,10,1
10872,90006,10,1
10885,90005,10,1
10893,99103,10,1
10895,90019,10,1
10909,90022,10,1
10918,90036,10,1
10922,90007,10,1
10926,90008,10,1
10929,90003,10,1
10935,90025,10,1
10945,90012,10,1
10962,90024,10,1
10968,90035,10,1
10973,90026,10,1
10979,99103,10,1
10994,90022,10,1
10998,90038,10,1
11003,90006,10,1
11012,90021,10,1
11045,90039,10,1
11062,90047,10,1
11072,90003,10,1
11090,90031,10,1
11093,90011,10,1
11108,90007,10,1
10287,99100,10.68,1
10419,99103,10.68,1
10460,99102,10.68,1
10470,99101,10.68,1
10485,99100,10.68,1
10520,99100,10.68,1
10633,99102,10.68,1
10651,99103,10.68,1
10696,99103,10.68,1
10712,99102,10.68,1
10717,99102,10.68,1
10740,99102,10.68,1
10766,99102,10.68,1
10804,99102,10.68,1
10836,99100,10.68,1
10861,99100,10.68,1
11091,99100,10.68,1
10270,90027,10.8,1
10278,90047,10.8,1
10290,90022,10.8,1
10294,90018,10.8,1
10297,90031,10.8,1
10318,90041,10.8,1
10323,90017,10.8,1
10355,90017,10.8,1
10386,90012,10.8,1
10393,90009,10.8,1
10395,90040,10.8,1
10401,90014,10.8,1
10408,90042,10.8,1
10434,90002,10.8,1
10444,90016,10.8,1
10447,90040,10.8,1
10474,90013,10.8,1
10499,90016,10.8,1
10537,90018,10.8,1
10570,90038,10.8,1
10583,90041,10.8,1
10601,90009,10.8,1
10612,90044,10.8,1
10618,90018,10.8,1
10664,90009,10.8,1
10689,90032,10.8,1
10701,90027,10.8,1
10724,90026,10.8,1
10728,90004,10.8,1
10730,90043,10.8,1
10762,90015,10.8,1
10793,90021,10.8,1
10897,90020,10.8,1
10911,90041,10.8,1
10919,90036,10.8,1
10955,90016,10.8,1
10958,90036,10.8,1
10986,90032,10.8,1
11006,90042,10.8,1
11013,90035,10.8,1
11031,90032,10.8,1
11077,90026,10.8,1
11085,90011,10.8,1
11088,90031,10.8,1
11094,90039,10.8,1
11106,90004,10.8,1
10337,99100,11.2,1
10351,99103,11.2,1
10424,99103,11.2,1
10459,99103,11.2,1
10627,99102,11.2,1
10700,99100,11.2,1
10704,99103,11.2,1
10830,99101,11.2,1
11084,99101,11.2,1
10257,99102,12,1
10302,99102,12,1
10393,99101,12,1
10471,99102,12,1
10502,99101,12,1
10603,99101,12,1
10626,99101,12,1
10637,99103,12,1
10670,99102,12,1
10726,99102,12,1
10754,99102,12,1
11025,99100,12,1
11077,99102,12,1
10307,99101,13.35,1
10351,99103,13.35,1
10558,99103,13.35,1
10566,99103,13.35,1
10655,99100,13.35,1
10725,99102,13.35,1
10894,99102,13.35,1
11082,99102,13.35,1
11094,99101,13.35,1
10283,99103,13.44,1
10340,99101,13.44,1
10363,99102,13.44,1
10421,99101,13.44,1
10449,99103,13.44,1
10490,99103,13.44,1
10541,99101,13.44,1
10555,99102,13.44,1
10569,99101,13.44,1
10643,99100,13.44,1
10711,99103,13.44,1
10823,99100,13.44,1
10893,99103,13.44,1
10907,99103,13.44,1
10991,99103,13.44,1
11108,99100,13.44,1
10263,99102,15,1
10272,99100,15,1
10423,99100,15,1
10445,99102,15,1
10497,99103,15,1
10515,99102,15,1
10544,99102,15,1
10634,99101,15,1
10703,99101,15,1
10715,99102,15,1
10745,99102,15,1
10791,99100,15,1
10825,99100,15,1
10848,99103,15,1
10964,99103,15,1
10984,99100,15,1
10990,99103,15,1
11092,99100,15,1
10365,99103,15.13,1
10720,99102,15.13,1
11007,99102,15.13,1
11017,99100,15.13,1
10395,99103,16.8,1
10411,99103,16.8,1
10443,99100,16.8,1
10632,99100,16.8,1
10773,99100,16.8,1
10814,99103,16.8,1
10889,99102,16.8,1
10943,99101,16.8,1
10966,99102,16.8,1
10997,99102,16.8,1
11036,99102,16.8,1
10448,99100,17,1
10652,99100,17,1
10837,99100,17,1
10935,99101,17,1
10949,99101,17,1
11080,99103,17,1
10332,99102,17.8,1
10413,99100,17.8,1
10514,99100,17.8,1
10584,99102,17.8,1
10647,99101,17.8,1
10675,99100,17.8,1
10801,99100,17.8,1
10812,99103,17.8,1
10883,99102,17.8,1
10912,99102,17.8,1
10933,99103,17.8,1
10941,99100,17.8,1
10979,99103,17.8,1
11003,99100,17.8,1
11013,99103,17.8,1
10376,99100,18.69,1
10553,99101,18.69,1
10661,99100,18.69,1
10714,99102,18.69,1
10790,99102,18.69,1
10952,99100,18.69,1
10993,99102,18.69,1
10277,99103,19.04,1
10902,99101,19.04,1
10251,90001,20,1
10252,90020,20,1
10260,90020,20,1
10261,90037,20,1
10263,90009,20,1
10264,90026,20,1
10269,90019,20,1
10280,90014,20,1
10285,90003,20,1
10290,90017,20,1
10299,90024,20,1
10311,90026,20,1
10315,90046,20,1
10319,90014,20,1
10322,90043,20,1
10335,90031,20,1
10349,99100,20,1
10350,90003,20,1
10352,90010,20,1
10356,90015,20,1
10362,90016,20,1
10362,99100,20,1
10367,90019,20,1
10372,90019,20,1
10393,90018,20,1
10401,90007,20,1
10407,90012,20,1
10424,90015,20,1
10432,90027,20,1
10449,90021,20,1
10455,90035,20,1
10461,90034,20,1
10474,90014,20,1
10498,90025,20,1
10506,90026,20,1
10510,90006,20,1
10511,90017,20,1
10515,90007,20,1
10517,90042,20,1
10518,90001,20,1
10526,99100,20,1
10527,90008,20,1
10534,90021,20,1
10539,90002,20,1
10541,90028,20,1
10546,90023,20,1
10551,99103,20,1
10554,90016,20,1
10572,90016,20,1
10592,90038,20,1
10617,90029,20,1
10625,90028,20,1
10632,90011,20,1
10662,90032,20,1
10670,90014,20,1
10676,90007,20,1
10677,90020,20,1
10681,90047,20,1
10687,90002,20,1
10691,90030,20,1
10691,90039,20,1
10699,90029,20,1
10707,90024,20,1
10709,90003,20,1
10709,99101,20,1
10713,90014,20,1
10728,90035,20,1
10732,90037,20,1
10745,90028,20,1
10747,90034,20,1
10760,90034,20,1
10761,90002,20,1
10764,90037,20,1
10779,90003,20,1
10784,90009,20,1
10784,99103,20,1
10814,90011,20,1
10817,90015,20,1
10821,99101,20,1
10832,90022,20,1
10833,90030,20,1
10842,90043,20,1
10849,90041,20,1
10851,90039,20,1
10852,90021,20,1
10869,90015,20,1
10887,90001,20,1
10889,90012,20,1
10892,90017,20,1
10895,90023,20,1
10913,90046,20,1
10916,90009,20,1
10921,90006,20,1
10930,90012,20,1
10932,90039,20,1
10938,90014,20,1
10943,90023,20,1
10950,90013,20,1
10954,90032,20,1
10977,90014,20,1
11002,90018,20,1
11008,90008,20,1
11014,90038,20,1
11023,90007,20,1
11030,90042,20,1
11039,99101,20,1
11060,90042,20,1
11071,90026,20,1
11084,90003,20,1
11085,90026,20,1
11086,99101,20,1
11095,90016,20,1
11100,90041,20,1
11103,90002,20,1
10389,99101,20.47,1
10396,99100,20.47,1
10430,99101,20.47,1
10435,99103,20.47,1
10451,99101,20.47,1
10500,99103,20.47,1
10504,99103,20.47,1
10525,99102,20.47,1
10640,99102,20.47,1
10758,99102,20.47,1
11079,99101,20.47,1
11099,99101,20.47,1
10518,99103,21,1
10788,99100,21,1
10895,99101,21,1
10287,90008,21.6,1
10310,90043,21.6,1
10325,90027,21.6,1
10335,90016,21.6,1
10337,90041,21.6,1
10344,90039,21.6,1
10372,90011,21.6,1
10406,90021,21.6,1
10438,90010,21.6,1
10460,90045,21.6,1
10477,90022,21.6,1
10491,90028,21.6,1
10508,90035,21.6,1
10516,90018,21.6,1
10553,90005,21.6,1
10555,90005,21.6,1
10573,90016,21.6,1
10614,90027,21.6,1
10633,90043,21.6,1
10635,90023,21.6,1
10639,90024,21.6,1
10654,90018,21.6,1
10685,90042,21.6,1
10695,90018,21.6,1
10698,90031,21.6,1
10704,90047,21.6,1
10708,90033,21.6,1
10734,90012,21.6,1
10739,90038,21.6,1
10756,90001,21.6,1
10819,90034,21.6,1
10827,90023,21.6,1
10841,90038,21.6,1
10845,90036,21.6,1
10850,90035,21.6,1
10868,90003,21.6,1
10886,90042,21.6,1
10979,90041,21.6,1
11034,90037,21.6,1
11052,90041,21.6,1
11070,90020,21.6,1
10260,99102,22.25,1
10297,99103,22.25,1
10301,99100,22.25,1
10387,99101,22.25,1
10421,99100,22.25,1
10458,99103,22.25,1
10481,99103,22.25,1
10492,99101,22.25,1
10657,99100,22.25,1
10665,99100,22.25,1
10668,99101,22.25,1
10749,99100,22.25,1
10774,99101,22.25,1
10778,99103,22.25,1
10786,99102,22.25,1
10842,99102,22.25,1
10851,99100,22.25,1
10854,99100,22.25,1
10890,99101,22.25,1
10967,99102,22.25,1
10986,99101,22.25,1
11021,99100,22.25,1
11034,99102,22.25,1
11077,99102,22.25,1
11110,99516,22.25,1
10309,99102,22.4,1
10367,99102,22.4,1
10436,99103,22.4,1
10561,99103,22.4,1
10592,99103,22.4,1
10650,99100,22.4,1
10664,99102,22.4,1
10835,99100,22.4,1
10856,99101,22.4,1
10859,99101,22.4,1
11058,99100,22.4,1
11065,99100,22.4,1
11090,99101,22.4,1
10623,99102,23,1
10768,99101,23,1
10978,99103,23,1
10249,99103,23.52,1
10358,99101,23.52,1
10514,99103,23.52,1
10667,99103,23.52,1
10746,99101,23.52,1
10852,99102,23.52,1
11016,99102,23.52,1
10275,99100,25,1
10283,99100,25,1
10289,99100,25,1
10298,99101,25,1
10390,99102,25,1
10417,99101,25,1
10451,99102,25,1
10483,99102,25,1
10486,99101,25,1
10510,99100,25,1
10530,99101,25,1
10536,99103,25,1
10557,99100,25,1
10591,99103,25,1
10616,99103,25,1
10740,99102,25,1
10775,99102,25,1
10799,99103,25,1
10817,99103,25,1
10846,99101,25,1
10851,99103,25,1
10931,99102,25,1
10968,99101,25,1
11001,99103,25,1
11011,99100,25,1
11096,99100,25,1
11103,99101,25,1
11108,99101,25,1
10537,99102,25.76,1
10678,99102,25.76,1
10792,99101,25.76,1
10847,99102,25.76,1
10252,99100,28,1
10273,99102,28,1
10303,99102,28,1
10323,99102,28,1
10404,99101,28,1
10407,99103,28,1
10453,99103,28,1
10503,99103,28,1
10516,99102,28,1
10524,99102,28,1
10600,99100,28,1
10674,99101,28,1
10716,99103,28,1
10734,99100,28,1
10742,99100,28,1
10748,99100,28,1
10757,99100,28,1
10761,99103,28,1
10862,99102,28,1
10866,99101,28,1
10882,99100,28,1
10896,99103,28,1
10918,99101,28,1
10988,99100,28,1
11050,99101,28,1
11097,99100,28,1
10393,99102,34.71,1
10523,99102,34.71,1
10744,99103,34.71,1
10304,99100,35.6,1
10537,99102,35.6,1
10682,99101,35.6,1
10728,99103,35.6,1
10747,99100,35.6,1
10819,99102,35.6,1
10998,99102,35.6,1
10326,99103,39,1
10367,99102,39,1
10706,99101,39,1
10900,99102,39,1
10921,99102,39,1
10279,99100,40,1
10357,99103,40,1
10410,99103,40,1
10587,99101,40,1
10680,99101,40,1
10747,99103,40,1
11015,99102,40,1
11075,99102,40,1
10324,99101,43.61,1
10335,99101,43.61,1
10347,99101,43.61,1
10368,99102,43.61,1
10380,99103,43.61,1
10406,99101,43.61,1
10438,99103,43.61,1
10605,99101,43.61,1
10612,99103,43.61,1
10619,99101,43.61,1
10622,99103,43.61,1
10644,99103,43.61,1
10693,99100,43.61,1
10701,99101,43.61,1
10752,99100,43.61,1
10816,99100,43.61,1
10847,99100,43.61,1
10868,99101,43.61,1
10916,99102,43.61,1
11038,99102,43.61,1
11073,99103,43.61,1
11085,99102,43.61,1
10484,99103,43.68,1
10507,99103,43.68,1
10546,99103,43.68,1
10611,99100,43.68,1
10951,99102,43.68,1
11033,99100,43.68,1
10267,99100,44.5,1
10291,99100,44.5,1
10314,99100,44.5,1
10341,99100,44.5,1
10466,99101,44.5,1
10477,99102,44.5,1
10517,99101,44.5,1
10547,99103,44.5,1
10576,99100,44.5,1
10601,99101,44.5,1
10608,99101,44.5,1
10615,99103,44.5,1
10629,99101,44.5,1
10705,99101,44.5,1
10794,99103,44.5,1
10830,99101,44.5,1
10833,99103,44.5,1
10838,99102,44.5,1
10875,99101,44.5,1
10897,99102,44.5,1
10919,99100,44.5,1
10938,99102,44.5,1
10959,99103,44.5,1
11046,99103,44.5,1
11103,99102,44.5,1
10299,99102,44.8,1
10327,99102,44.8,1
10553,99103,44.8,1
10618,99101,44.8,1
10411,99201,86.25,1
10416,99204,86.25,1
10418,99205,86.25,1
10421,99202,86.25,1
10425,99203,86.25,1
10430,99205,86.25,1
10434,99202,86.25,1
10437,99202,86.25,1
10440,99202,86.25,1
10444,99205,86.25,1
10446,99203,86.25,1
10450,99203,86.25,1
10453,99202,86.25,1
10456,99201,86.25,1
10459,99204,86.25,1
10463,99203,86.25,1
10465,99204,86.25,1
10469,99205,86.25,1
10473,99202,86.25,1
10476,99201,86.25,1
10480,99201,86.25,1
10484,99202,86.25,1
10487,99202,86.25,1
10491,99201,86.25,1
10495,99203,86.25,1
10499,99202,86.25,1
10503,99202,86.25,1
10507,99201,86.25,1
10512,99204,86.25,1
10514,99205,86.25,1
10516,99201,86.25,1
10519,99202,86.25,1
10522,99203,86.25,1
10524,99202,86.25,1
10528,99204,86.25,1
10531,99204,86.25,1
10535,99204,86.25,1
10537,99202,86.25,1
10539,99205,86.25,1
10542,99204,86.25,1
10546,99201,86.25,1
10550,99201,86.25,1
10553,99202,86.25,1
10555,99201,86.25,1
10558,99203,86.25,1
10562,99201,86.25,1
10566,99205,86.25,1
10570,99202,86.25,1
10573,99202,86.25,1
10575,99203,86.25,1
10579,99201,86.25,1
10583,99203,86.25,1
10588,99202,86.25,1
10593,99202,86.25,1
10596,99203,86.25,1
10600,99203,86.25,1
10605,99205,86.25,1
10607,99203,86.25,1
10611,99204,86.25,1
10614,99203,86.25,1
10618,99203,86.25,1
10621,99202,86.25,1
10624,99202,86.25,1
10627,99204,86.25,1
10633,99203,86.25,1
10635,99201,86.25,1
10638,99202,86.25,1
10643,99201,86.25,1
10646,99201,86.25,1
10650,99205,86.25,1
10654,99202,86.25,1
10657,99202,86.25,1
10659,99204,86.25,1
10664,99203,86.25,1
10668,99203,86.25,1
10671,99204,86.25,1
10675,99203,86.25,1
10678,99202,86.25,1
10681,99203,86.25,1
10685,99203,86.25,1
10688,99204,86.25,1
10692,99204,86.25,1
10695,99201,86.25,1
10698,99203,86.25,1
10701,99202,86.25,1
10704,99205,86.25,1
10707,99202,86.25,1
10711,99202,86.25,1
10714,99204,86.25,1
10717,99201,86.25,1
10719,99205,86.25,1
10724,99204,86.25,1
10727,99201,86.25,1
10730,99205,86.25,1
10734,99205,86.25,1
10739,99203,86.25,1
10742,99204,86.25,1
10746,99201,86.25,1
10749,99204,86.25,1
10751,99202,86.25,1
10755,99205,86.25,1
10758,99203,86.25,1
10762,99201,86.25,1
10765,99203,86.25,1
10769,99201,86.25,1
10773,99202,86.25,1
10776,99204,86.25,1
10781,99204,86.25,1
10786,99202,86.25,1
10789,99205,86.25,1
10793,99203,86.25,1
10796,99202,86.25,1
10800,99205,86.25,1
10803,99201,86.25,1
10807,99204,86.25,1
10811,99205,86.25,1
10814,99201,86.25,1
10818,99201,86.25,1
10823,99202,86.25,1
10827,99204,86.25,1
10830,99204,86.25,1
10832,99205,86.25,1
10836,99202,86.25,1
10838,99201,86.25,1
10841,99203,86.25,1
10845,99201,86.25,1
10847,99201,86.25,1
10850,99203,86.25,1
10853,99205,86.25,1
10857,99204,86.25,1
10860,99201,86.25,1
10863,99202,86.25,1
10867,99202,86.25,1
10870,99201,86.25,1
10873,99202,86.25,1
10878,99205,86.25,1
10882,99203,86.25,1
10885,99205,86.25,1
10890,99205,86.25,1
10893,99203,86.25,1
10896,99204,86.25,1
10902,99202,86.25,1
10908,99201,86.25,1
10911,99203,86.25,1
10915,99201,86.25,1
10919,99204,86.25,1
10923,99202,86.25,1
10926,99201,86.25,1
10929,99204,86.25,1
10932,99201,86.25,1
10937,99205,86.25,1
10940,99202,86.25,1
10944,99204,86.25,1
10948,99204,86.25,1
10951,99205,86.25,1
10954,99201,86.25,1
10958,99204,86.25,1
10962,99203,86.25,1
10966,99202,86.25,1
10971,99201,86.25,1
10976,99201,86.25,1
10979,99203,86.25,1
10982,99201,86.25,1
10986,99204,86.25,1
10989,99203,86.25,1
10991,99205,86.25,1
10997,99203,86.25,1
11000,99203,86.25,1
11002,99202,86.25,1
11006,99201,86.25,1
11009,99201,86.25,1
11013,99203,86.25,1
11017,99204,86.25,1
11021,99202,86.25,1
11024,99202,86.25,1
11027,99202,86.25,1
11031,99203,86.25,1
11033,99203,86.25,1
11036,99205,86.25,1
11040,99201,86.25,1
11046,99201,86.25,1
11051,99203,86.25,1
11055,99205,86.25,1
11058,99201,86.25,1
11063,99203,86.25,1
11065,99201,86.25,1
11070,99202,86.25,1
11072,99201,86.25,1
11076,99203,86.25,1
11077,99202,86.25,1
11077,99203,86.25,1
11078,99201,86.25,1
11081,99201,86.25,1
11084,99205,86.25,1
11087,99203,86.25,1
11090,99203,86.25,1
11093,99204,86.25,1
11098,99205,86.25,1
11102,99202,86.25,1
11105,99205,86.25,1
11109,99202,86.25,1
10370,99102,88.48,1
10402,99103,132.61,1
10444,99102,132.61,1
10496,99100,132.61,1
10543,99101,132.61,1
10571,99100,132.61,1
10678,99103,132.61,1
10708,99100,132.61,1
10857,99101,132.61,1
10944,99100,132.61,1
10956,99101,132.61,1
10989,99100,132.61,1
11106,99100,132.61,1
10356,99101,133.5,1
10440,99102,133.5,1
10464,99103,133.5,1
10474,99103,133.5,1
10529,99103,133.5,1
10636,99102,133.5,1
10756,99103,133.5,1
10798,99100,133.5,1
10823,99101,133.5,1
10909,99102,133.5,1
10260,99102,149,1
10268,99101,149,1
10315,99101,149,1
10342,99101,149,1
10420,99103,149,1
10493,99101,149,1
10564,99103,149,1
10606,99101,149,1
10700,99102,149,1
10722,99101,149,1
10869,99100,149,1
10925,99101,149,1
10953,99101,149,1
11032,99101,149,1
11035,99100,149,1
11060,99102,149,1
11071,99101,149,1
11077,99102,149,1
11083,99100,149,1
11217,99244,149.99,1
11417,99458,149.99,1
11496,99350,149.99,1
11522,99573,149.99,1
11539,99263,149.99,1
11682,99346,149.99,1
11784,99586,149.99,1
11861,99556,149.99,1
11907,99435,149.99,1
12336,99524,149.99,1
10369,99103,150,1
10581,99103,150,1
10673,99101,150,1
10865,99101,150,1
10910,99102,150,1
11018,99102,150,1
11218,99552,155.74,1
11278,99502,159.99,1
11302,99574,159.99,1
11323,99496,159.99,1
11411,99540,159.99,1
11451,99212,159.99,1
11471,99296,159.99,1
11494,99316,159.99,1
11611,99460,159.99,1
11685,99440,159.99,1
11817,99554,159.99,1
11884,99240,159.99,1
11142,99269,160.19,1
11167,99381,166.24,1
10312,99102,166.88,1
10334,99102,166.88,1
10382,99101,166.88,1
10528,99102,166.88,1
10607,99102,166.88,1
10646,99101,166.88,1
10670,99100,166.88,1
10685,99100,166.88,1
10691,99103,166.88,1
10695,99101,166.88,1
10698,99102,166.88,1
10768,99103,166.88,1
10806,99102,166.88,1
10818,99103,166.88,1
10832,99101,166.88,1
10926,99103,166.88,1
11220,99502,167.99,1
10469,99100,168,1
10487,99103,168,1
10688,99101,168,1
10755,99103,168,1
10789,99101,168,1
10359,99100,168.21,1
10508,99102,168.21,1
10845,99101,168.21,1
11114,99402,169.99,1
11154,99247,169.99,1
11213,99385,169.99,1
11247,99302,169.99,1
11355,99276,169.99,1
11365,99531,169.99,1
11370,99356,169.99,1
11371,99272,169.99,1
11425,99495,169.99,1
11436,99470,169.99,1
11438,99433,169.99,1
11463,99556,169.99,1
11484,99546,169.99,1
11527,99224,169.99,1
11543,99415,169.99,1
11550,99286,169.99,1
11557,99406,169.99,1
11585,99356,169.99,1
11589,99505,169.99,1
11598,99259,169.99,1
11625,99433,169.99,1
11675,99585,169.99,1
11690,99286,169.99,1
11691,99571,169.99,1
11721,99541,169.99,1
11723,99305,169.99,1
11733,99310,169.99,1
11745,99371,169.99,1
10343,90029,20,1
11047,99202,71.25,1
11053,99205,71.25,1
11056,99202,71.25,1
11059,99203,71.25,1
11064,99203,71.25,1
11066,99204,71.25,1
11070,99201,71.25,1
11074,99202,71.25,1
11077,99201,71.25,1
11077,99202,71.25,1
11077,99204,71.25,1
11079,99205,71.25,1
11082,99204,71.25,1
11085,99205,71.25,1
11088,99203,71.25,1
11092,99203,71.25,1
11095,99205,71.25,1
11099,99202,71.25,1
11103,99204,71.25,1
11107,99204,71.25,1
10248,99204,75,1
10252,99205,75,1
10255,99205,75,1
10258,99205,75,1
10261,99205,75,1
10264,99203,75,1
10268,99201,75,1
10273,99203,75,1
10276,99201,75,1
10280,99202,75,1
10283,99203,75,1
10285,99204,75,1
10289,99204,75,1
10293,99202,75,1
10295,99202,75,1
10298,99201,75,1
10302,99204,75,1
10305,99202,75,1
10309,99202,75,1
10312,99204,75,1
10316,99203,75,1
10321,99205,75,1
10324,99205,75,1
10327,99203,75,1
10329,99201,75,1
10333,99205,75,1
10337,99205,75,1
10339,99201,75,1
10342,99203,75,1
10346,99204,75,1
10350,99201,75,1
10353,99202,75,1
10357,99202,75,1
10360,99203,75,1
10363,99205,75,1
10367,99205,75,1
10370,99205,75,1
10373,99205,75,1
10379,99201,75,1
10382,99202,75,1
10384,99100,75,1
10385,99203,75,1
10388,99204,75,1
10390,99204,75,1
10394,99204,75,1
10397,99201,75,1
10400,99204,75,1
10404,99205,75,1
10407,99202,75,1
10410,99203,75,1
10414,99201,75,1
10417,99203,75,1
10420,99202,75,1
10424,99203,75,1
10429,99201,75,1
10432,99204,75,1
10436,99203,75,1
10439,99202,75,1
10442,99204,75,1
10446,99204,75,1
10449,99205,75,1
10452,99201,75,1
10455,99205,75,1
10458,99203,75,1
10462,99204,75,1
10465,99204,75,1
10468,99205,75,1
10472,99205,75,1
10475,99201,75,1
10479,99203,75,1
10483,99205,75,1
10486,99204,75,1
10490,99203,75,1
10493,99203,75,1
10498,99204,75,1
10502,99204,75,1
10506,99205,75,1
10511,99203,75,1
10513,99205,75,1
10515,99205,75,1
10518,99204,75,1
10521,99205,75,1
10524,99204,75,1
10527,99204,75,1
10530,99203,75,1
10534,99204,75,1
10536,99204,75,1
10539,99202,75,1
10541,99204,75,1
10545,99205,75,1
10549,99204,75,1
10552,99202,75,1
10554,99202,75,1
10557,99205,75,1
10560,99202,75,1
10564,99204,75,1
10568,99204,75,1
10572,99204,75,1
10575,99203,75,1
10577,99201,75,1
10582,99202,75,1
10587,99205,75,1
10591,99202,75,1
10595,99203,75,1
10598,99202,75,1
10604,99203,75,1
10607,99202,75,1
10610,99202,75,1
10613,99202,75,1
10616,99204,75,1
10621,99205,75,1
10623,99201,75,1
10626,99203,75,1
10631,99201,75,1
10634,99202,75,1
10637,99202,75,1
10642,99202,75,1
10645,99205,75,1
10649,99202,75,1
10653,99203,75,1
10657,99205,75,1
10658,99202,75,1
10663,99205,75,1
10666,99202,75,1
10670,99205,75,1
10673,99205,75,1
10677,99202,75,1
10680,99203,75,1
10684,99201,75,1
10687,99203,75,1
10691,99204,75,1
10694,99204,75,1
10697,99204,75,1
10700,99202,75,1
10703,99204,75,1
10706,99202,75,1
10710,99203,75,1
10713,99204,75,1
10716,99202,75,1
10718,99204,75,1
10722,99205,75,1
10726,99201,75,1
10729,99202,75,1
10733,99204,75,1
10737,99202,75,1
10741,99204,75,1
10745,99205,75,1
10748,99203,75,1
10751,99202,75,1
10755,99205,75,1
10757,99203,75,1
10760,99205,75,1
10763,99205,75,1
10768,99203,75,1
10772,99201,75,1
10776,99205,75,1
10780,99203,75,1
10784,99203,75,1
10788,99201,75,1
10792,99205,75,1
10796,99205,75,1
10799,99205,75,1
10802,99203,75,1
10806,99205,75,1
10810,99103,75,1
10810,99201,75,1
10814,99202,75,1
10817,99203,75,1
10822,99201,75,1
10825,99201,75,1
10829,99202,75,1
10831,99203,75,1
10834,99204,75,1
10837,99205,75,1
10840,99204,75,1
10843,99202,75,1
10846,99203,75,1
10849,99202,75,1
10852,99202,75,1
10855,99201,75,1
10859,99202,75,1
10861,99102,75,1
10861,99204,75,1
10866,99201,75,1
10869,99201,75,1
10872,99204,75,1
10876,99201,75,1
10880,99204,75,1
10885,99205,75,1
10888,99201,75,1
10893,99201,75,1
10895,99204,75,1
10901,99202,75,1
10905,99201,75,1
10910,99201,75,1
10913,99205,75,1
10917,99203,75,1
10922,99205,75,1
10925,99202,75,1
10928,99102,75,1
10928,99204,75,1
10931,99201,75,1
10935,99201,75,1
10939,99201,75,1
10943,99204,75,1
10946,99204,75,1
10949,99202,75,1
10954,99203,75,1
10957,99203,75,1
10961,99204,75,1
10964,99201,75,1
10968,99201,75,1
10974,99203,75,1
10978,99201,75,1
10980,99201,75,1
10985,99205,75,1
10987,99204,75,1
10990,99205,75,1
10995,99202,75,1
10999,99202,75,1
11001,99204,75,1
11004,99205,75,1
11008,99102,75,1
11008,99202,75,1
11012,99202,75,1
11015,99201,75,1
11019,99204,75,1
11022,99202,75,1
11026,99203,75,1
11030,99205,75,1
11032,99202,75,1
11035,99202,75,1
11039,99203,75,1
11044,99201,75,1
11049,99204,75,1
11054,99201,75,1
11057,99205,75,1
11061,99201,75,1
11064,99201,75,1
11068,99204,75,1
11072,99201,75,1
11075,99205,75,1
11077,99205,75,1
11077,99204,75,1
11077,99201,75,1
11080,99204,75,1
11083,99203,75,1
11086,99201,75,1
11090,99202,75,1
11093,99203,75,1
11097,99204,75,1
11101,99205,75,1
11104,99204,75,1
11108,99201,75,1
10305,99103,79,1
10439,99103,79,1
10505,99101,79,1
10676,99103,79,1
10834,99100,79,1
10872,99103,79,1
10973,99103,79,1
11068,99100,79,1
11077,99102,79,1
10293,99102,84,1
10550,99103,84,1
10596,99100,84,1
10785,99102,84,1
10870,99101,84,1
10873,99101,84,1
10877,99102,84,1
10885,99101,84,1
10915,99100,84,1
10940,99102,84,1
11020,99101,84,1
10250,99202,86.25,1
10253,99203,86.25,1
10255,99204,86.25,1
10259,99201,86.25,1
10262,99201,86.25,1
10265,99203,86.25,1
10270,99203,86.25,1
10273,99201,86.25,1
10277,99204,86.25,1
10281,99203,86.25,1
10284,99203,86.25,1
10287,99201,86.25,1
10290,99205,86.25,1
10293,99201,86.25,1
10296,99201,86.25,1
10300,99203,86.25,1
10303,99201,86.25,1
10306,99203,86.25,1
10309,99204,86.25,1
10313,99201,86.25,1
10318,99205,86.25,1
10323,99203,86.25,1
10325,99203,86.25,1
10327,99201,86.25,1
10330,99201,86.25,1
10334,99201,86.25,1
10337,99204,86.25,1
10340,99203,86.25,1
10343,99205,86.25,1
10347,99202,86.25,1
10351,99203,86.25,1
10355,99204,86.25,1
10358,99202,86.25,1
10360,99202,86.25,1
10364,99204,86.25,1
10368,99202,86.25,1
10371,99204,86.25,1
10375,99203,86.25,1
10380,99202,86.25,1
10382,99201,86.25,1
10386,99203,86.25,1
10389,99203,86.25,1
10392,99202,86.25,1
10395,99203,86.25,1
10399,99203,86.25,1
10401,99205,86.25,1
10405,99202,86.25,1
10408,99205,86.25,1
11184,99311,520.65,1
11237,99547,520.65,1
11234,99492,522,1
11157,99467,522.49,1
11223,99359,523.66,1
11688,99463,523.66,1
11757,99365,523.66,1
11849,99533,523.66,1
11241,99478,527.25,1
11276,99422,529.99,1
11462,99313,529.99,1
11523,99512,529.99,1
11565,99368,529.99,1
11877,99422,529.99,1
11907,99452,529.99,1
11790,99454,530,1
11169,99223,537.1,1
11593,99248,538.36,1
11113,99492,539.38,1
11463,99594,539.99,1
11576,99316,539.99,1
11689,99221,539.99,1
11712,99437,539.99,1
11725,99435,540,1
11770,99412,540,1
11192,99425,541.33,1
11111,99284,549.99,1
11117,99601,549.99,1
11201,99529,549.99,1
11229,99229,549.99,1
11292,99599,549.99,1
11305,99575,549.99,1
11309,99255,549.99,1
11322,99346,549.99,1
11396,99457,549.99,1
11416,99396,549.99,1
11458,99519,549.99,1
11460,99521,549.99,1
11548,99547,549.99,1
11549,99358,549.99,1
11566,99271,549.99,1
11585,99327,549.99,1
11619,99482,549.99,1
11653,99296,549.99,1
11707,99377,549.99,1
11747,99463,549.99,1
11768,99433,549.99,1
11771,99512,549.99,1
11787,99374,549.99,1
11799,99377,549.99,1
11901,99464,549.99,1
12086,99412,549.99,1
12141,99581,549.99,1
12318,99327,549.99,1
12336,99346,549.99,1
11329,99492,550,1
11429,99212,550,1
11664,99576,550,1
11703,99293,550,1
11745,99279,550,1
11903,99569,550,1
11155,99373,551,1
11133,99270,551.8,1
11163,99594,551.99,1
11196,99572,553.07,1
11328,99537,553.07,1
11369,99213,553.07,1
11441,99549,553.07,1
11523,99397,553.07,1
11789,99543,553.07,1
11798,99356,553.07,1
11323,99311,555,1
11328,99428,555,1
11358,99212,555,1
11570,99287,555,1
11617,99381,555,1
11820,99326,555,1
11626,99504,560,1
11676,99549,560,1
11771,99439,560,1
11776,99281,560,1
11818,99367,560,1
11388,99529,565,1
11426,99401,565,1
11442,99237,565,1
11500,99417,565,1
11537,99405,565,1
11592,99209,565,1
11604,99553,565,1
11815,99264,565,1
11865,99319,565,1
11126,99407,567.77,1
11378,99394,567.77,1
12207,99454,567.77,1
12305,99244,567.77,1
11177,99267,570,1
11590,99499,570,1
11635,99216,570,1
11696,99542,570,1
11715,99377,570,1
11819,99552,570,1
11122,99573,574.99,1
11344,99574,575,1
11446,99306,575,1
11505,99576,575,1
11518,99302,575,1
11538,99237,575,1
11638,99525,575,1
11746,99517,575,1
11753,99526,575,1
11806,99470,575,1
11832,99531,575,1
11851,99438,575,1
11291,99561,580,1
11309,99246,580,1
11318,99570,580,1
11329,99273,580,1
11379,99323,580,1
11586,99264,580,1
11713,99400,580,1
11723,99243,580,1
11723,99493,580,1
11726,99213,580,1
12001,99250,580,1
12108,99264,580,1
11350,99487,582.47,1
11380,99234,582.47,1
11588,99400,582.47,1
11638,99262,582.47,1
11666,99431,582.47,1
11679,99513,582.47,1
11716,99453,582.47,1
11735,99433,582.47,1
11794,99366,582.47,1
11852,99441,582.47,1
12229,99238,582.47,1
11153,99237,584.25,1
11185,99441,585,1
11309,99360,585,1
11499,99403,585,1
11596,99494,585,1
11606,99545,585,1
11626,99514,585,1
11632,99454,585,1
11753,99561,585,1
12336,99537,585,1
11238,99519,590,1
11364,99316,590,1
11611,99493,590,1
11644,99343,590,1
11797,99381,590,1
11812,99561,590,1
11962,99276,590,1
12289,99315,590,1
11124,99523,593.59,1
11180,99433,593.99,1
11131,99292,595,1
11365,99596,595,1
11389,99239,595,1
11439,99540,595,1
11528,99438,595,1
11613,99549,595,1
11677,99247,595,1
11755,99330,595,1
11762,99280,595,1
11851,99510,595,1
11736,99352,597.18,1
11809,99467,597.18,1
11887,99345,597.18,1
11121,99581,599.99,1
11123,99269,599.99,1
11206,99251,599.99,1
11232,99274,599.99,1
11256,99508,599.99,1
11284,99543,599.99,1
11294,99396,599.99,1
11317,99430,599.99,1
11344,99223,599.99,1
11423,99434,599.99,1
11431,99389,599.99,1
11431,99237,599.99,1
11461,99288,599.99,1
11505,99375,599.99,1
11631,99343,599.99,1
11691,99567,599.99,1
11699,99594,599.99,1
11728,99403,599.99,1
11773,99249,599.99,1
11773,99263,599.99,1
11834,99516,599.99,1
11847,99365,599.99,1
11866,99416,599.99,1
11900,99314,599.99,1
11140,99292,600,1
11279,99320,600,1
11281,99444,600,1
11354,99480,600,1
11457,99401,600,1
11544,99456,600,1
11698,99413,600,1
11818,99336,600,1
11843,99290,600,1
11859,99468,600,1
11879,99407,600,1
12124,99235,600,1
12301,99476,600,1
11133,99423,603.25,1
11224,99424,604.8,1
11360,99485,605,1
11371,99493,605,1
11619,99261,605,1
11763,99305,605,1
11773,99422,605,1
11923,99215,605,1
12085,99463,605,1
12197,99598,605,1
11228,99579,605.19,1
11248,99484,610,1
11252,99273,610,1
11260,99293,610,1
11270,99535,610,1
11364,99264,610,1
11497,99252,610,1
11521,99567,610,1
11602,99573,610,1
11659,99358,610,1
11907,99517,610,1
12203,99235,610,1
11205,99215,615,1
11495,99392,615,1
11509,99269,615,1
11548,99373,615,1
11660,99444,615,1
11663,99334,615,1
11681,99483,615,1
11757,99456,615,1
11798,99495,615,1
11869,99522,615,1
11893,99353,615,1
11914,99461,615,1
11169,99288,619.12,1
11136,99356,620,1
11276,99268,620,1
11291,99326,620,1
11307,99308,620,1
11363,99432,620,1
11405,99594,620,1
11559,99530,620,1
11975,99282,620,1
12003,99212,620,1
12042,99368,620,1
12061,99268,620,1
11204,99589,622.99,1
11162,99511,625,1
11210,99261,625,1
11357,99418,625,1
11464,99461,625,1
11537,99494,625,1
11656,99207,625,1
11706,99565,625,1
11893,99242,625,1
12042,99233,625,1
11359,99269,629.99,1
11619,99576,629.99,1
11732,99351,629.99,1
11792,99335,629.99,1
11189,99282,630,1
11194,99543,630,1
11247,99576,630,1
11265,99426,630,1
11293,99389,630,1
11353,99585,630,1
11489,99330,630,1
11551,99399,630,1
11718,99496,630,1
11840,99301,630,1
11870,99380,630,1
11967,99439,630,1
12006,99434,630,1
12061,99424,630,1
11227,99239,632.5,1
11233,99480,632.8,1
11251,99454,635,1
11385,99478,635,1
11501,99301,635,1
11503,99442,635,1
11541,99330,635,1
11546,99420,635,1
11560,99484,635,1
11776,99351,635,1
11888,99489,635,1
11892,99588,635,1
12226,99266,635,1
11203,99322,636.03,1
11138,99306,638.4,1
11202,99526,640,1
11457,99441,640,1
11515,99276,640,1
11561,99293,640,1
11846,99524,640,1
11400,99549,645,1
11488,99588,645,1
11528,99580,645,1
11618,99286,645,1
11693,99235,645,1
11698,99278,645,1
11761,99359,645,1
11113,99513,647.99,1
11223,99247,649.99,1
11229,99352,649.99,1
11250,99530,649.99,1
11288,99523,649.99,1
11348,99434,649.99,1
11536,99328,649.99,1
11555,99437,649.99,1
11569,99503,649.99,1
11586,99382,649.99,1
11626,99285,649.99,1
11633,99256,649.99,1
11648,99292,649.99,1
11709,99226,649.99,1
11733,99594,649.99,1
11738,99489,649.99,1
11754,99599,649.99,1
11811,99274,649.99,1
11832,99323,649.99,1
11839,99276,649.99,1
11858,99439,649.99,1
11864,99572,649.99,1
11896,99379,649.99,1
11906,99251,649.99,1
11907,99322,649.99,1
12117,99509,649.99,1
12192,99478,649.99,1
11407,99493,650,1
11676,99238,650,1
11185,99597,655,1
11189,99471,655.2,1
11202,99569,655.2,1
11238,99384,660,1
11288,99375,660,1
11385,99496,660,1
11482,99271,660,1
11543,99283,660,1
11546,99330,660,1
11732,99214,660,1
11175,99309,661.25,1
11116,99562,664.99,1
11135,99249,666.4,1
11150,99418,669.84,1
11149,99522,671.99,1
11178,99284,671.99,1
11344,99362,679.99,1
11383,99485,679.99,1
11493,99357,679.99,1
11530,99212,679.99,1
11552,99436,679.99,1
11675,99266,679.99,1
11688,99408,679.99,1
11699,99212,679.99,1
11724,99465,679.99,1
11821,99346,679.99,1
11869,99233,679.99,1
11907,99558,679.99,1
11218,99585,680.4,1
11115,99399,688.8,1
11310,99361,699.99,1
11342,99397,699.99,1
11385,99394,699.99,1
11390,99331,699.99,1
11414,99590,699.99,1
11448,99417,699.99,1
11462,99456,699.99,1
11473,99501,699.99,1
11510,99432,699.99,1
11512,99252,699.99,1
11547,99539,699.99,1
11583,99304,699.99,1
11639,99445,699.99,1
11656,99219,699.99,1
11687,99390,699.99,1
11698,99350,699.99,1
11743,99444,699.99,1
11792,99452,699.99,1
11800,99305,699.99,1
11831,99236,699.99,1
11842,99490,699.99,1
11901,99360,699.99,1
11923,99262,699.99,1
12095,99584,699.99,1
12209,99246,699.99,1
12296,99206,699.99,1
12301,99252,699.99,1
11156,99298,700,1
11214,99337,705.6,1
11209,99244,711.99,1
11123,99512,712.49,1
11223,99534,727.99,1
11239,99392,727.99,1
11172,99507,728,1
11166,99292,730.25,1
11124,99435,741.75,1
11158,99509,749.99,1
11259,99294,749.99,1
11274,99334,749.99,1
11360,99498,749.99,1
11434,99260,749.99,1
11467,99424,749.99,1
11567,99344,749.99,1
12178,99545,749.99,1
11701,99530,790,1
11743,99527,790,1
11114,99523,799.99,1
11114,99386,799.99,1
11170,99453,799.99,1
11175,99232,799.99,1
11258,99393,799.99,1
11268,99470,799.99,1
11295,99511,799.99,1
11324,99341,799.99,1
11333,99577,799.99,1
11371,99577,799.99,1
11408,99216,799.99,1
11417,99426,799.99,1
11441,99542,799.99,1
11476,99429,799.99,1
11500,99574,799.99,1
11508,99336,799.99,1
11510,99466,799.99,1
11512,99386,799.99,1
11512,99258,799.99,1
11515,99224,799.99,1
11530,99486,799.99,1
11543,99239,799.99,1
11575,99330,799.99,1
11577,99532,799.99,1
11583,99563,799.99,1
11606,99236,799.99,1
11624,99498,799.99,1
11647,99505,799.99,1
11659,99435,799.99,1
11681,99584,799.99,1
11691,99241,799.99,1
11754,99523,799.99,1
11760,99588,799.99,1
11829,99557,799.99,1
11853,99587,799.99,1
11869,99442,799.99,1
11872,99550,799.99,1
11894,99593,799.99,1
11902,99582,799.99,1
11937,99439,799.99,1
11993,99520,799.99,1
12053,99453,799.99,1
12207,99484,799.99,1
12276,99451,799.99,1
11146,99294,800.99,1
11208,99308,804.99,1
11164,99546,807.49,1
11188,99499,807.49,1
11203,99522,809.99,1
11479,99306,849.99,1
11483,99426,849.99,1
11630,99522,849.99,1
11669,99240,849.99,1
11765,99261,849.99,1
11828,99382,849.99,1
11835,99539,849.99,1
11212,99296,853.2,1
11139,99218,863.99,1
11231,99401,889.99,1
11149,99313,899.99,1
11235,99411,899.99,1
11243,99489,899.99,1
11280,99532,899.99,1
11281,99295,899.99,1
11289,99456,899.99,1
11300,99346,899.99,1
11360,99269,899.99,1
11380,99597,899.99,1
11385,99266,899.99,1
11476,99318,899.99,1
11534,99346,899.99,1
11560,99223,899.99,1
11616,99499,899.99,1
11627,99233,899.99,1
11649,99566,899.99,1
11657,99533,899.99,1
11776,99331,899.99,1
11827,99564,899.99,1
11869,99220,899.99,1
11872,99473,899.99,1
11975,99280,899.99,1
11286,99497,929.99,1
11302,99271,929.99,1
11349,99345,929.99,1
11350,99371,929.99,1
11380,99578,929.99,1
11433,99316,929.99,1
11486,99453,929.99,1
11848,99486,929.99,1
11868,99231,929.99,1
11190,99527,949.99,1
11193,99576,949.99,1
11225,99331,949.99,1
11227,99444,971.99,1
11241,99240,978.99,1
11248,99494,979.99,1
11303,99495,979.99,1
11475,99382,979.99,1
11491,99583,979.99,1
11792,99562,979.99,1
11822,99575,979.99,1
11900,99245,979.99,1
12184,99554,979.99,1
11245,99497,999.99,1
11334,99310,999.99,1
11340,99487,999.99,1
11356,99270,999.99,1
11376,99570,999.99,1
11388,99567,999.99,1
11394,99534,999.99,1
11419,99496,999.99,1
11472,99336,999.99,1
11498,99314,999.99,1
11507,99421,999.99,1
11508,99430,999.99,1
11521,99348,999.99,1
11543,99352,999.99,1
11548,99475,999.99,1
11553,99301,999.99,1
11567,99588,999.99,1
11569,99352,999.99,1
11581,99572,999.99,1
11582,99287,999.99,1
11597,99244,999.99,1
11605,99336,999.99,1
11640,99378,999.99,1
11653,99504,999.99,1
11666,99363,999.99,1
11691,99220,999.99,1
11762,99390,999.99,1
11804,99459,999.99,1
11809,99241,999.99,1
11816,99339,999.99,1
11833,99321,999.99,1
11884,99474,999.99,1
11889,99401,999.99,1
11932,99311,999.99,1
12180,99267,999.99,1
12184,99551,999.99,1
12318,99298,999.99,1
11748,99224,169.99,1
11769,99219,169.99,1
11791,99516,169.99,1
11805,99508,169.99,1
11809,99437,169.99,1
11847,99402,169.99,1
11862,99570,169.99,1
11876,99216,169.99,1
11876,99324,169.99,1
11905,99404,169.99,1
11907,99270,169.99,1
11990,99324,169.99,1
12002,99523,169.99,1
12126,99220,169.99,1
12197,99267,169.99,1
12200,99291,169.99,1
11133,99299,174.99,1
11153,99320,174.99,1
11294,99523,174.99,1
11304,99457,174.99,1
11307,99433,174.99,1
11335,99371,174.99,1
11345,99466,174.99,1
11428,99518,174.99,1
11472,99368,174.99,1
11507,99435,174.99,1
11514,99354,174.99,1
11541,99529,174.99,1
11566,99324,174.99,1
11671,99350,174.99,1
11681,99223,174.99,1
11683,99363,174.99,1
11686,99463,174.99,1
11700,99318,174.99,1
11741,99250,174.99,1
11746,99558,174.99,1
11779,99481,174.99,1
11791,99457,174.99,1
11807,99408,174.99,1
12095,99266,174.99,1
10263,99101,177.11,1
10284,99102,177.11,1
10328,99100,177.11,1
10338,99102,177.11,1
10372,99101,177.11,1
10408,99102,177.11,1
10454,99102,177.11,1
10563,99100,177.11,1
10671,99101,177.11,1
10783,99102,177.11,1
10864,99101,177.11,1
10948,99100,177.11,1
10962,99102,177.11,1
11063,99100,177.11,1
11088,99102,177.11,1
10250,99102,178,1
10256,99100,178,1
10274,99103,178,1
10278,99102,178,1
10325,99101,178,1
10416,99101,178,1
10535,99100,178,1
10555,99102,178,1
10698,99101,178,1
10983,99101,178,1
11031,99100,178,1
11041,99101,178,1
11077,99101,178,1
11130,99459,179.99,1
11172,99408,179.99,1
11178,99303,179.99,1
11248,99305,179.99,1
11277,99296,179.99,1
11319,99452,179.99,1
11338,99434,179.99,1
11394,99239,179.99,1
11402,99495,179.99,1
11404,99294,179.99,1
11437,99599,179.99,1
11453,99378,179.99,1
11465,99371,179.99,1
11481,99232,179.99,1
11487,99482,179.99,1
11513,99289,179.99,1
11514,99362,179.99,1
11518,99244,179.99,1
11520,99213,179.99,1
11526,99246,179.99,1
11527,99276,179.99,1
11536,99544,179.99,1
11537,99322,179.99,1
11544,99408,179.99,1
11545,99294,179.99,1
11564,99226,179.99,1
11587,99445,179.99,1
11610,99434,179.99,1
11626,99564,179.99,1
11642,99377,179.99,1
11645,99595,179.99,1
11667,99266,179.99,1
11671,99528,179.99,1
11694,99530,179.99,1
11705,99371,179.99,1
11720,99289,179.99,1
11740,99495,179.99,1
11741,99406,179.99,1
11741,99295,179.99,1
11758,99279,179.99,1
11781,99278,179.99,1
11802,99315,179.99,1
11809,99481,179.99,1
11815,99219,179.99,1
11825,99375,179.99,1
11826,99497,179.99,1
11993,99238,179.99,1
12002,99531,179.99,1
12028,99536,179.99,1
12095,99210,179.99,1
12296,99474,179.99,1
11344,99599,182.99,1
11360,99528,182.99,1
11599,99578,182.99,1
11682,99330,182.99,1
11842,99403,182.99,1
11132,99387,183.59,1
10333,99102,189,1
10431,99101,189,1
10455,99103,189,1
10656,99100,189,1
10733,99103,189,1
10771,99101,189,1
11249,99363,189.99,1
11278,99589,189.99,1
11305,99311,189.99,1
11357,99365,189.99,1
11437,99528,189.99,1
11470,99426,189.99,1
11520,99595,189.99,1
11557,99345,189.99,1
11762,99432,189.99,1
11779,99597,189.99,1
11840,99285,189.99,1
11882,99294,189.99,1
11882,99472,189.99,1
12002,99491,189.99,1
12108,99301,189.99,1
11159,99332,194.39,1
11167,99320,194.39,1
11169,99307,194.39,1
11176,99468,194.39,1
11200,99560,194.39,1
11230,99454,194.39,1
11113,99247,195.49,1
11175,99377,195.99,1
10324,99101,199,1
10345,99102,199,1
10378,99103,199,1
10406,99100,199,1
10442,99103,199,1
10461,99101,199,1
10595,99102,199,1
10598,99101,199,1
10645,99100,199,1
10805,99100,199,1
10876,99103,199,1
10880,99100,199,1
10913,99103,199,1
10998,99103,199,1
11004,99102,199,1
11043,99101,199,1
11064,99100,199,1
11218,99456,199.49,1
11138,99278,199.99,1
11189,99565,199.99,1
11269,99476,199.99,1
11341,99503,199.99,1
11367,99279,199.99,1
11369,99405,199.99,1
11393,99327,199.99,1
11434,99207,199.99,1
11482,99584,199.99,1
11488,99378,199.99,1
11526,99433,199.99,1
11561,99492,199.99,1
11563,99586,199.99,1
11580,99221,199.99,1
11585,99422,199.99,1
11641,99434,199.99,1
11764,99586,199.99,1
11784,99331,199.99,1
11823,99423,199.99,1
11889,99492,199.99,1
11914,99348,199.99,1
12086,99251,199.99,1
12327,99356,199.99,1
10387,99100,200,1
10403,99100,200,1
10428,99101,200,1
10479,99103,200,1
10523,99101,200,1
10760,99102,200,1
10840,99103,200,1
10855,99100,200,1
10938,99102,200,1
10961,99100,200,1
10987,99100,200,1
11030,99101,200,1
11053,99100,200,1
11173,99262,204.24,1
11312,99446,209.99,1
11333,99422,209.99,1
11349,99300,209.99,1
11387,99468,209.99,1
11407,99440,209.99,1
11531,99546,209.99,1
11609,99340,209.99,1
11658,99523,209.99,1
11670,99489,209.99,1
11672,99439,209.99,1
11680,99308,209.99,1
11774,99269,209.99,1
11895,99598,209.99,1
10258,99100,211.68,1
10495,99101,211.68,1
10539,99102,211.68,1
10635,99102,211.68,1
10681,99103,211.68,1
10776,99102,211.68,1
10923,99100,211.68,1
10954,99103,211.68,1
11202,99423,214.99,1
11399,99236,214.99,1
11456,99561,214.99,1
11496,99416,214.99,1
11624,99584,214.99,1
11632,99347,214.99,1
11695,99440,214.99,1
11725,99232,214.99,1
11246,99372,220.16,1
11285,99561,220.16,1
11368,99304,220.16,1
11483,99434,220.16,1
11723,99306,220.16,1
12131,99331,220.16,1
11176,99365,222.49,1
10265,99100,222.88,1
10280,99103,222.88,1
10290,99102,222.88,1
10360,99103,222.88,1
10456,99103,222.88,1
10473,99102,222.88,1
10519,99102,222.88,1
10624,99101,222.88,1
10719,99100,222.88,1
10764,99101,222.88,1
10841,99101,222.88,1
10929,99101,222.88,1
11039,99100,222.88,1
11072,99103,222.88,1
11105,99100,222.88,1
11165,99463,223.99,1
10269,99100,224,1
10347,99102,224,1
10511,99103,224,1
10573,99100,224,1
10575,99101,224,1
10605,99102,224,1
10659,99101,224,1
10800,99103,224,1
10803,99102,224,1
10850,99103,224,1
10936,99102,224,1
10999,99102,224,1
11012,99103,224,1
11062,99102,224,1
11069,99100,224,1
11077,99100,224,1
11131,99264,229.99,1
11190,99297,229.99,1
11253,99359,229.99,1
11268,99476,229.99,1
11325,99317,229.99,1
11353,99425,229.99,1
11383,99389,229.99,1
11404,99584,229.99,1
11453,99424,229.99,1
11514,99226,229.99,1
11542,99555,229.99,1
11557,99332,229.99,1
11559,99233,229.99,1
11644,99574,229.99,1
11666,99270,229.99,1
11668,99442,229.99,1
11781,99416,229.99,1
11803,99291,229.99,1
11932,99439,229.99,1
11992,99547,229.99,1
11220,99339,231.39,1
11125,99578,237.77,1
11128,99334,237.77,1
11209,99483,237.77,1
11154,99546,240.79,1
10257,90034,245,1
10272,90046,245,1
10275,90028,245,1
10276,90016,245,1
10282,90032,245,1
10283,90002,245,1
10293,90002,245,1
10303,90016,245,1
10325,90007,245,1
10329,90021,245,1
10342,90007,245,1
10357,90009,245,1
10390,90035,245,1
10400,90043,245,1
10404,90010,245,1
10406,90020,245,1
10411,90002,245,1
10420,90035,245,1
10436,90044,245,1
10439,90034,245,1
10442,90021,245,1
10445,90003,245,1
10465,90043,245,1
10472,90017,245,1
10482,90036,245,1
10485,90043,245,1
10489,90017,245,1
10497,90041,245,1
10515,90031,245,1
10521,90011,245,1
10522,90039,245,1
10529,90021,245,1
10538,90044,245,1
10552,90021,245,1
10565,90010,245,1
10578,90007,245,1
10594,90038,245,1
10597,90040,245,1
10613,90040,245,1
10616,90032,245,1
10626,90003,245,1
10630,90006,245,1
10642,90021,245,1
10652,90001,245,1
10670,90043,245,1
10683,90004,245,1
10684,90036,245,1
10688,90045,245,1
10694,90034,245,1
10700,90035,245,1
10710,90038,245,1
10719,90014,245,1
10722,90041,245,1
10751,90013,245,1
10753,90011,245,1
10770,90033,245,1
10781,90012,245,1
10785,90012,245,1
10787,90010,245,1
10791,90003,245,1
10800,90044,245,1
10805,90008,245,1
10810,90002,245,1
10875,90010,245,1
10877,90001,245,1
10884,90043,245,1
10899,90015,245,1
10910,90023,245,1
10939,90023,245,1
10957,90040,245,1
10975,90001,245,1
10978,90011,245,1
10979,90008,245,1
10981,90039,245,1
10987,90008,245,1
10988,90009,245,1
11016,90029,245,1
11018,90007,245,1
11019,90023,245,1
11026,90031,245,1
11032,90014,245,1
11039,90047,245,1
11042,90021,245,1
11047,90046,245,1
11053,90039,245,1
11068,90004,245,1
11077,90031,245,1
11077,90030,245,1
11077,90007,245,1
11081,90043,245,1
11087,90010,245,1
11092,90012,245,1
11145,99309,246.58,1
11120,99431,249.99,1
11134,99596,249.99,1
11141,99275,249.99,1
11202,99364,249.99,1
11229,99327,249.99,1
11241,99294,249.99,1
11248,99545,249.99,1
11251,99351,249.99,1
11269,99345,249.99,1
11269,99365,249.99,1
11273,99508,249.99,1
11280,99591,249.99,1
11296,99241,249.99,1
11334,99403,249.99,1
11352,99553,249.99,1
11362,99425,249.99,1
11368,99232,249.99,1
11380,99243,249.99,1
11413,99572,249.99,1
11445,99384,249.99,1
11460,99351,249.99,1
11463,99223,249.99,1
11466,99268,249.99,1
11474,99217,249.99,1
11478,99416,249.99,1
11486,99586,249.99,1
11491,99545,249.99,1
11494,99575,249.99,1
11506,99379,249.99,1
11516,99327,249.99,1
11517,99284,249.99,1
11528,99410,249.99,1
11529,99393,249.99,1
11541,99344,249.99,1
11570,99511,249.99,1
11572,99332,249.99,1
11608,99493,249.99,1
11635,99414,249.99,1
11636,99289,249.99,1
11641,99557,249.99,1
11642,99481,249.99,1
11652,99534,249.99,1
11652,99393,249.99,1
11653,99301,249.99,1
11676,99245,249.99,1
11699,99555,249.99,1
11710,99437,249.99,1
11731,99246,249.99,1
11739,99530,249.99,1
11761,99547,249.99,1
11827,99276,249.99,1
11881,99457,249.99,1
12186,99566,249.99,1
12192,99297,249.99,1
12216,99361,249.99,1
12226,99404,249.99,1
12235,99433,249.99,1
11356,99394,250.12,1
11532,99533,250.12,1
11546,99206,250.12,1
11716,99546,250.12,1
11830,99444,250.12,1
11854,99590,250.12,1
11238,99442,259.99,1
11299,99269,259.99,1
11415,99311,259.99,1
11451,99566,259.99,1
11902,99541,259.99,1
10253,90035,264.6,1
10256,90006,264.6,1
10262,90012,264.6,1
10284,90002,264.6,1
10314,90011,264.6,1
10341,90012,264.6,1
10347,90016,264.6,1
10351,90023,264.6,1
10361,90036,264.6,1
10375,90029,264.6,1
10380,90046,264.6,1
10389,90039,264.6,1
10399,90041,264.6,1
10412,90003,264.6,1
10430,90018,264.6,1
10450,90041,264.6,1
10454,90008,264.6,1
10466,90039,264.6,1
10470,90030,264.6,1
10480,90019,264.6,1
10525,90001,264.6,1
10547,90005,264.6,1
10558,90011,264.6,1
10562,90014,264.6,1
10589,90026,264.6,1
10605,90038,264.6,1
10622,90034,264.6,1
10643,90006,264.6,1
10682,90040,264.6,1
10711,90045,264.6,1
10746,90024,264.6,1
10797,90005,264.6,1
10808,90029,264.6,1
10838,90047,264.6,1
10874,90013,264.6,1
10882,90025,264.6,1
10908,90003,264.6,1
10923,90042,264.6,1
10930,90029,264.6,1
10941,90011,264.6,1
10944,90030,264.6,1
10977,90023,264.6,1
11009,90005,264.6,1
11055,90038,264.6,1
11063,90001,264.6,1
11077,90036,264.6,1
11091,90015,264.6,1
11098,90008,264.6,1
11142,99425,269.99,1
11237,99350,269.99,1
11144,99468,269.99,1
11270,99344,269.99,1
11370,99262,269.99,1
11396,99229,269.99,1
11463,99539,269.99,1
11577,99450,269.99,1
11661,99214,269.99,1
11672,99316,269.99,1
11127,99486,279.99,1
11167,99341,279.99,1
11177,99400,279.99,1
11274,99356,279.99,1
11279,99228,279.99,1
11304,99464,279.99,1
11397,99226,279.99,1
11425,99468,279.99,1
11476,99580,279.99,1
11523,99575,279.99,1
11552,99244,279.99,1
11602,99525,279.99,1
11634,99390,279.99,1
11685,99424,279.99,1
11715,99518,279.99,1
11803,99259,279.99,1
11868,99539,279.99,1
11896,99237,279.99,1
11160,99487,280.08,1
11245,99565,280.08,1
11275,99542,280.08,1
11358,99302,280.08,1
11375,99434,280.08,1
11391,99245,280.08,1
11426,99442,280.08,1
11473,99333,280.08,1
11679,99483,280.08,1
11685,99240,280.08,1
11328,99397,289.99,1
11453,99206,289.99,1
11898,99328,289.99,1
11217,99434,298.99,1
11223,99304,298.99,1
11167,99344,299.99,1
11210,99266,299.99,1
11219,99344,299.99,1
11236,99210,299.99,1
11256,99412,299.99,1
11265,99409,299.99,1
11272,99415,299.99,1
11313,99457,299.99,1
11316,99559,299.99,1
11321,99291,299.99,1
11325,99367,299.99,1
11336,99577,299.99,1
11341,99521,299.99,1
11345,99537,299.99,1
11351,99242,299.99,1
11364,99527,299.99,1
11367,99217,299.99,1
11367,99579,299.99,1
11403,99445,299.99,1
11413,99415,299.99,1
11417,99457,299.99,1
11427,99439,299.99,1
11444,99332,299.99,1
11473,99443,299.99,1
11487,99509,299.99,1
11508,99378,299.99,1
11523,99306,299.99,1
11531,99349,299.99,1
11547,99321,299.99,1
11562,99557,299.99,1
11571,99587,299.99,1
11581,99318,299.99,1
11600,99472,299.99,1
11603,99360,299.99,1
11622,99455,299.99,1
11677,99431,299.99,1
11699,99402,299.99,1
11712,99421,299.99,1
11717,99462,299.99,1
11723,99552,299.99,1
11763,99470,299.99,1
11782,99356,299.99,1
11790,99508,299.99,1
11792,99260,299.99,1
11820,99351,299.99,1
11832,99372,299.99,1
11860,99314,299.99,1
11866,99265,299.99,1
12015,99323,299.99,1
12028,99561,299.99,1
12057,99571,299.99,1
12213,99206,299.99,1
12229,99456,299.99,1
12242,99273,299.99,1
12283,99517,299.99,1
12302,99443,299.99,1
11219,99390,310.04,1
11332,99579,310.04,1
11556,99462,310.04,1
11711,99410,310.04,1
11756,99213,310.04,1
12097,99318,310.04,1
12184,99267,310.04,1
11197,99339,310.49,1
11173,99229,311.49,1
11196,99569,313.59,1
11246,99600,319.99,1
11342,99292,319.99,1
11488,99362,319.99,1
11570,99303,319.99,1
11605,99245,319.99,1
11720,99244,319.99,1
11837,99485,319.99,1
12003,99380,319.99,1
11154,99272,323.99,1
11148,99474,329.99,1
11254,99471,329.99,1
11373,99243,329.99,1
11387,99548,329.99,1
11423,99364,329.99,1
11450,99274,329.99,1
11480,99300,329.99,1
11511,99463,329.99,1
11524,99456,329.99,1
11532,99497,329.99,1
11591,99464,329.99,1
11695,99436,329.99,1
11714,99319,329.99,1
11831,99595,329.99,1
11844,99225,329.99,1
12053,99517,329.99,1
11209,99466,332.49,1
11118,99207,335.99,1
11182,99455,335.99,1
11205,99529,340,1
11254,99353,340,1
11270,99245,340,1
11442,99243,340,1
11752,99341,340,1
12212,99253,340,1
11183,99360,344.99,1
10254,90016,345,1
10255,90011,345,1
10258,90020,345,1
10278,90003,345,1
10286,90039,345,1
10288,90010,345,1
10294,90014,345,1
10302,90009,345,1
10309,90005,345,1
10312,90016,345,1
10316,90012,345,1
10327,90031,345,1
10333,90016,345,1
10337,90045,345,1
10339,90043,345,1
10340,90037,345,1
10345,90010,345,1
10354,90015,345,1
10359,90031,345,1
10377,90017,345,1
10381,90040,345,1
10384,90035,345,1
10385,90036,345,1
10388,90002,345,1
10394,90041,345,1
10403,90030,345,1
10435,90037,345,1
10439,90003,345,1
10446,90044,345,1
10451,90030,345,1
10459,90039,345,1
10462,90023,345,1
10464,90036,345,1
10467,90005,345,1
10471,90030,345,1
10484,90003,345,1
10486,90034,345,1
10490,90032,345,1
10494,90044,345,1
10502,90023,345,1
10513,90047,345,1
10524,90009,345,1
10533,90011,345,1
10536,90023,345,1
10544,90025,345,1
10551,90024,345,1
10554,90039,345,1
10567,90027,345,1
10569,90031,345,1
10574,90019,345,1
10582,90027,345,1
10586,90034,345,1
10587,90030,345,1
10591,90037,345,1
10595,90044,345,1
10599,90002,345,1
10604,90007,345,1
10611,90032,345,1
10612,90018,345,1
10620,90027,345,1
10623,90033,345,1
10637,90039,345,1
10646,90026,345,1
10653,90034,345,1
10656,90029,345,1
10659,90047,345,1
10697,90032,345,1
10706,90029,345,1
10746,90037,345,1
10748,90002,345,1
10750,90024,345,1
10755,90034,345,1
10756,90026,345,1
10763,90006,345,1
10775,90026,345,1
10795,90028,345,1
10796,90025,345,1
10799,90029,345,1
10813,90036,345,1
10824,90023,345,1
10835,90036,345,1
10836,90030,345,1
10837,90045,345,1
10844,90025,345,1
10846,90010,345,1
10847,90031,345,1
10848,90024,345,1
10862,90007,345,1
10865,90036,345,1
10872,90029,345,1
10893,90044,345,1
10904,90006,345,1
10906,90017,345,1
10914,90037,345,1
10924,90018,345,1
10927,90021,345,1
10934,90005,345,1
10946,90038,345,1
10949,90045,345,1
10953,90012,345,1
10956,90041,345,1
10969,90037,345,1
10984,90040,345,1
10990,90011,345,1
10996,90035,345,1
10999,90022,345,1
11005,90012,345,1
11011,90041,345,1
11035,90028,345,1
11038,90013,345,1
11054,90010,345,1
11064,90022,345,1
11064,90047,345,1
11067,90030,345,1
11075,90042,345,1
11076,90032,345,1
11077,90020,345,1
11077,90012,345,1
11080,90007,345,1
11083,90046,345,1
11089,90001,345,1
11097,90042,345,1
11104,90024,345,1
11158,99274,349.99,1
11337,99543,349.99,1
11345,99231,349.99,1
11409,99522,349.99,1
11420,99275,349.99,1
11435,99298,349.99,1
11443,99287,349.99,1
11487,99317,349.99,1
11552,99263,349.99,1
11610,99539,349.99,1
11613,99574,349.99,1
11663,99319,349.99,1
11857,99554,349.99,1
12079,99544,349.99,1
11240,99240,356.39,1
11303,99230,359.99,1
11647,99442,359.99,1
11759,99441,359.99,1
11194,99219,369.96,1
11687,99429,369.96,1
11900,99325,369.96,1
12135,99294,369.96,1
12235,99315,369.96,1
10250,90023,372.6,1
10266,90029,372.6,1
10300,90041,372.6,1
10304,90001,372.6,1
10358,90039,372.6,1
10364,90019,372.6,1
10421,90027,372.6,1
10440,90006,372.6,1
10464,90019,372.6,1
10485,90024,372.6,1
10514,90047,372.6,1
10519,90028,372.6,1
10528,90036,372.6,1
10532,90044,372.6,1
10535,90024,372.6,1
10540,90024,372.6,1
10542,90033,372.6,1
10550,90034,372.6,1
10579,90030,372.6,1
10596,90044,372.6,1
10607,90026,372.6,1
10624,90033,372.6,1
10628,90022,372.6,1
10650,90013,372.6,1
10657,90008,372.6,1
10668,90020,372.6,1
10671,90035,372.6,1
10693,90010,372.6,1
10720,90020,372.6,1
10749,90009,372.6,1
10773,90019,372.6,1
10777,90042,372.6,1
10782,90031,372.6,1
10801,90037,372.6,1
10815,90041,372.6,1
10830,90009,372.6,1
10832,90041,372.6,1
10847,90043,372.6,1
10860,90041,372.6,1
10863,90021,372.6,1
10890,90009,372.6,1
10932,90004,372.6,1
10992,90014,372.6,1
10997,90013,372.6,1
11000,90019,372.6,1
11002,90020,372.6,1
11028,90026,372.6,1
11041,90043,372.6,1
11078,90047,372.6,1
11082,90013,372.6,1
11160,99289,379.99,1
11190,99508,399.56,1
11198,99280,399.99,1
11239,99382,399.99,1
11250,99285,399.99,1
11266,99501,399.99,1
11272,99494,399.99,1
11367,99525,399.99,1
11471,99583,399.99,1
11487,99574,399.99,1
11521,99338,399.99,1
11540,99391,399.99,1
11555,99549,399.99,1
11570,99584,399.99,1
11587,99499,399.99,1
11598,99440,399.99,1
11618,99259,399.99,1
11628,99248,399.99,1
11731,99273,399.99,1
11756,99415,399.99,1
11756,99484,399.99,1
11767,99403,399.99,1
11785,99283,399.99,1
11874,99317,399.99,1
11875,99366,399.99,1
11907,99520,399.99,1
11183,99571,431.99,1
11215,99281,431.99,1
11167,99210,444.99,1
11193,99456,445,1
11120,99564,449.99,1
11261,99490,449.99,1
11295,99227,449.99,1
11521,99400,449.99,1
11530,99405,449.99,1
11533,99273,449.99,1
11542,99480,449.99,1
11590,99328,449.99,1
11611,99422,449.99,1
11837,99272,449.99,1
11845,99573,449.99,1
11923,99338,449.99,1
12028,99398,449.99,1
12057,99592,449.99,1
12085,99379,449.99,1
12126,99385,449.99,1
12136,99549,449.99,1
12305,99243,449.99,1
11287,99588,450,1
11377,99269,450,1
11449,99562,450,1
11739,99274,450,1
11237,99258,459.17,1
11204,99365,459.17,1
11234,99450,459.17,1
11327,99522,479.55,1
11502,99236,479.55,1
11780,99299,479.55,1
11854,99594,479.55,1
11876,99297,479.55,1
11885,99440,479.55,1
11139,99318,479.99,1
11363,99208,479.99,1
11441,99444,479.99,1
11734,99435,479.99,1
11794,99290,479.99,1
11907,99529,479.99,1
11112,99424,483.33,1
11269,99297,483.33,1
11356,99408,483.33,1
11395,99551,483.33,1
11456,99258,483.33,1
11558,99365,483.33,1
11572,99285,483.33,1
11587,99274,483.33,1
11662,99561,483.33,1
11671,99553,483.33,1
11687,99435,483.33,1
11795,99460,483.33,1
11846,99590,483.33,1
11851,99243,483.33,1
11851,99270,483.33,1
12002,99258,483.33,1
12006,99368,483.33,1
11188,99464,483.33,1
11236,99306,483.33,1
11243,99482,483.33,1
11255,99399,483.33,1
11261,99519,483.33,1
11265,99373,483.33,1
11266,99597,483.33,1
11341,99499,483.33,1
11343,99398,483.33,1
11352,99356,483.33,1
11362,99418,483.33,1
11366,99262,483.33,1
11367,99538,483.33,1
11410,99563,483.33,1
11464,99360,483.33,1
11493,99233,483.33,1
11563,99347,483.33,1
11576,99271,483.33,1
11622,99405,483.33,1
11643,99316,483.33,1
11668,99598,483.33,1
11716,99465,483.33,1
11722,99379,483.33,1
11771,99467,483.33,1
11819,99570,483.33,1
11837,99242,483.33,1
11838,99486,483.33,1
11883,99599,483.33,1
11949,99594,483.33,1
12141,99274,483.33,1
12308,99409,483.33,1
11221,99446,483.51,1
11111,99374,494.25,1
11229,99506,494.25,1
11805,99434,494.25,1
12113,99527,494.25,1
11140,99526,499.99,1
11192,99352,499.99,1
11213,99331,499.99,1
11222,99489,499.99,1
11286,99346,499.99,1
11446,99588,499.99,1
11451,99431,499.99,1
11452,99406,499.99,1
11535,99361,499.99,1
11558,99450,499.99,1
11574,99380,499.99,1
11594,99341,499.99,1
11630,99340,499.99,1
11740,99281,499.99,1
11834,99509,499.99,1
11859,99362,499.99,1
11902,99222,499.99,1
11907,99375,499.99,1
12276,99296,499.99,1
11325,99411,500,1
11410,99566,500,1
11467,99207,500,1
11588,99556,500,1
11588,99370,500,1
11596,99226,500,1
11788,99530,500,1
11890,99258,500,1
11907,99487,500,1
11381,99279,508.96,1
11453,99218,508.96,1
11501,99500,508.96,1
11865,99293,508.96,1
11110,99523,512.99,1
11181,99286,512.99,1
11136,99326,520.65,1
